time/total_timesteps,time/iterations,time/fps,time/time_elapsed,train/clip_fraction,train/approx_kl,train/explained_variance,train/policy_gradient_loss,train/std,train/learning_rate,train/loss,train/clip_range,train/entropy_loss,train/n_updates,train/value_loss
2048,1,1538,1,,,,,,,,,,,
4096,2,576,7,0.0,0.0,nan,0.0,1.0,0.0003,0.0,0.2,-2.837877035140991,10,0.0
6144,3,407,15,0.0,0.0,nan,0.0,1.0,0.0003,0.0,0.2,-2.837877035140991,20,0.0
8192,4,448,18,0.0,0.0,nan,0.0,1.0,0.0003,0.0,0.2,-2.837877035140991,30,0.0
10240,5,474,21,0.07041015625,0.004115669,-4.730335712432861,0.0017234571401786524,1.010094404220581,0.0003,0.0028381480369716883,0.2,-2.856407879292965,40,0.0176895170354344
12288,6,493,24,0.07822265625,0.0066859256,5.781650543212891e-06,-0.0018744058805168606,1.0232545137405396,0.0003,0.00015146535588428378,0.2,-2.87095580548048,50,0.00015552095117622456
14336,7,504,28,0.171337890625,0.010211088,-1.5497207641601562e-06,-0.0058923085627611725,1.0435752868652344,0.0003,-0.002006981521844864,0.2,-2.907179768383503,60,7.40663955186821e-05
16384,8,507,32,0.087255859375,0.0071255956,-2.86102294921875e-06,-0.0032056502779596483,1.0509878396987915,0.0003,-0.016360117122530937,0.2,-2.931814581900835,70,4.643504481082889e-05
18432,9,511,36,0.0958984375,0.0076536015,8.940696716308594e-07,-0.0031416226229339372,1.0578711032867432,0.0003,-0.0010670548072084785,0.2,-2.9446887277066707,80,5.4041234702470464e-05
20480,10,518,39,0.158642578125,0.013830129,4.649162292480469e-06,-0.005081242983578704,1.075291633605957,0.0003,-0.0037080442998558283,0.2,-2.9653000593185426,90,2.907501282463786e-05
22528,11,517,43,0.03017578125,0.006820852,-1.3113021850585938e-06,-0.0003829527588095516,1.0897963047027588,0.0003,-0.004200722556561232,0.2,-2.9981015257537367,100,6.172654228542271e-05
24576,12,525,46,0.067333984375,0.008128261,-3.5762786865234375e-07,-0.0009501586420810782,1.1067887544631958,0.0003,-0.00874008983373642,0.2,-3.028928165137768,110,1.6988315058396805e-05
26624,13,529,50,0.078857421875,0.00920055,9.59634780883789e-06,-0.0019720316893653946,1.1233530044555664,0.0003,-0.001074436935596168,0.2,-3.0591704696416855,120,1.0029105954302217e-05
28672,14,535,53,0.109033203125,0.01044194,1.9431114196777344e-05,-0.0027027234747947658,1.1370940208435059,0.0003,0.021414780989289284,0.2,-3.0857114046812057,130,1.1541829273000468e-05
30720,15,540,56,0.032373046875,0.0059173033,-1.3470649719238281e-05,-8.161341102095321e-05,1.1458814144134521,0.0003,-0.001618219306692481,0.2,-3.103858872503042,140,4.017848851756069e-06
32768,16,543,60,0.03603515625,0.006555589,-3.4809112548828125e-05,-0.0005367823592678178,1.172777533531189,0.0003,-0.017514420673251152,0.2,-3.1341064922511577,150,1.2101035383097272e-05
34816,17,548,63,0.054736328125,0.0069064205,2.980232238769531e-07,-0.0011142796167405323,1.1929101943969727,0.0003,0.014794797636568546,0.2,-3.1758405305445194,160,3.807645842954402e-05
36864,18,550,66,0.03388671875,0.0030760323,8.761882781982422e-06,8.59505671542138e-06,1.2220308780670166,0.0003,-0.005798707250505686,0.2,-3.216880612075329,170,2.8970133025623195e-06
38912,19,553,70,0.06171875,0.008243105,-4.303455352783203e-05,-0.002036254187987652,1.2482703924179077,0.0003,-0.0035114698112010956,0.2,-3.2594274908304213,180,1.3426566440507755e-06
40960,20,556,73,0.014208984375,0.0026858682,5.0067901611328125e-06,-0.0002962854050565511,1.2688603401184082,0.0003,-0.011312959715723991,0.2,-3.3014184460043907,190,1.0675618982269983e-06
43008,21,560,76,0.01796875,0.0019240488,-6.282329559326172e-05,9.907705098157748e-05,1.2813464403152466,0.0003,-0.012927819974720478,0.2,-3.324428679794073,200,4.376404103820773e-07
45056,22,563,79,0.0962890625,0.012406765,-4.00543212890625e-05,-0.002653622614161577,1.3170855045318604,0.0003,-0.007345516234636307,0.2,-3.360354246199131,210,1.5891197575747946e-06
47104,23,566,83,0.10224609375,0.009776048,-2.944469451904297e-05,-0.0018459935832652262,1.3242517709732056,0.0003,-0.0033706314861774445,0.2,-3.394503773003817,220,3.6956414038183395e-06
49152,24,568,86,0.039404296875,0.007282567,4.291534423828125e-06,-0.0005520902865100652,1.3321903944015503,0.0003,-0.0023412699811160564,0.2,-3.407657730579376,230,4.425648528179655e-06
51200,25,570,89,0.1140625,0.006360711,6.753206253051758e-05,-0.0014919548004399986,1.3491806983947754,0.0003,-0.006601346656680107,0.2,-3.4244691394269466,240,6.02085871087316e-07
53248,26,570,93,0.0796875,0.009276049,-0.00011527538299560547,-0.0030854431446641684,1.339080810546875,0.0003,-0.012548667378723621,0.2,-3.4278887122869492,250,0.00011404586171493946
55296,27,573,96,0.049560546875,0.005024585,-0.0002377033233642578,-0.0006280781570239923,1.344557523727417,0.0003,0.003529878566041589,0.2,-3.4283998146653176,260,4.828734723586511e-08
57344,28,575,99,0.10732421875,0.008691627,4.297494888305664e-05,-0.0031834268593229353,1.34248685836792,0.0003,-0.011534353718161583,0.2,-3.4256733864545823,270,3.38545526932488e-08
59392,29,577,102,0.035791015625,0.0074016703,-6.759166717529297e-05,-0.0013686974765732885,1.3741822242736816,0.0003,0.0059340097941458225,0.2,-3.451917977631092,280,2.9581739010814023e-08
61440,30,577,106,0.085546875,0.011093443,0.00032383203506469727,-0.002885579351277556,1.3868157863616943,0.0003,-0.013921466656029224,0.2,-3.4823814406991005,290,3.484013890219373e-08
63488,31,579,109,0.0888671875,0.007701059,-8.106231689453125e-05,-0.004248592130898033,1.4361042976379395,0.0003,-0.00022615610214415938,0.2,-3.523060430586338,300,1.3786597029052552e-08
65536,32,579,113,0.10341796875,0.0106764315,-0.0002758502960205078,-0.003771440134732984,1.441230058670044,0.0003,0.0011709777172654867,0.2,-3.5635481223464014,310,3.1838448770202604e-07
67584,33,582,116,0.056103515625,0.0077897194,-6.794929504394531e-05,-0.0008918246552639175,1.4617137908935547,0.0003,-0.015131033025681973,0.2,-3.580726595968008,320,2.5097016592097805e-06
69632,34,583,119,0.0154296875,0.002769186,4.172325134277344e-05,-0.0003947723002056591,1.4923855066299438,0.0003,0.002868122886866331,0.2,-3.614656810462475,330,5.356408442042268e-06
71680,35,584,122,0.07978515625,0.008474847,-0.0005118846893310547,-0.0023058905950165353,1.486396074295044,0.0003,0.01824858784675598,0.2,-3.633652774244547,340,3.4656330531725373e-07
73728,36,585,126,0.049609375,0.007650207,0.00024050474166870117,-0.0023699274606769904,1.5368874073028564,0.0003,-0.016974518075585365,0.2,-3.6650059796869754,350,1.5140060624739895e-06
75776,37,586,129,0.007373046875,0.003904466,0.025649726390838623,-0.0001690549725026358,1.5191636085510254,0.0003,-0.0011444920673966408,0.2,-3.6836534403264523,360,1.6423171872734644e-05
77824,38,587,132,0.070703125,0.0059892875,-0.014724254608154297,-0.002331612931448035,1.5257937908172607,0.0003,9.674578905105591e-05,0.2,-3.6754630327224733,370,3.6159909201815574e-08
79872,39,588,135,0.062255859375,0.008002663,-0.004591703414916992,-0.0027238762326305733,1.5092215538024902,0.0003,-0.010968480259180069,0.2,-3.6660921707749368,380,8.671295441332849e-10
81920,40,589,139,0.033349609375,0.0048446697,0.02336055040359497,-0.0005152463796548546,1.526960849761963,0.0003,-0.0025923773646354675,0.2,-3.6712641261518,390,1.2365624739214976e-10
83968,41,589,142,0.099560546875,0.011039131,-0.011474251747131348,-0.0034623884021129925,1.513913631439209,0.0003,0.010293634608387947,0.2,-3.674107678234577,400,9.007599156689596e-07
86016,42,590,145,4.8828125e-05,0.0008832595,-0.0001035928726196289,0.0005599834999884479,1.5034396648406982,0.0003,0.0001905416138470173,0.2,-3.65740387737751,410,7.755402874674482e-05
88064,43,590,149,0.00205078125,0.0032319957,8.559226989746094e-05,0.00038851514909765683,1.4954721927642822,0.0003,0.007907602936029434,0.2,-3.642468138039112,420,4.450512339736455e-09
90112,44,591,152,0.03447265625,0.007192535,-0.00039827823638916016,-0.0017906159773701802,1.4794243574142456,0.0003,-0.007234286516904831,0.2,-3.630674369633198,430,2.900177152648246e-09
92160,45,591,155,0.05546875,0.00829475,-0.0004572868347167969,-0.0027507089762366377,1.4405310153961182,0.0003,-0.010749584063887596,0.2,-3.590340081602335,440,7.721553244173095e-09
94208,46,592,158,0.016650390625,0.0019897246,0.0006645321846008301,-0.000501665225601755,1.420281171798706,0.0003,0.0017352813156321645,0.2,-3.5480296216905116,450,1.8712210203728745e-09
96256,47,592,162,0.038720703125,0.006345437,0.0014964938163757324,-0.0012757512435200625,1.387162208557129,0.0003,-0.007471205200999975,0.2,-3.5126379527151586,460,3.5792673854009258e-09
98304,48,591,166,0.0623046875,0.006335484,0.00022602081298828125,-0.0024566978769144042,1.3719192743301392,0.0003,-0.0013117766939103603,0.2,-3.4776252254843714,470,1.6095439772587027e-08
100352,49,591,169,0.05166015625,0.00992105,0.001259922981262207,-0.0019399662891373738,1.3372247219085693,0.0003,0.008868579752743244,0.2,-3.4371954761445522,480,4.894631263173622e-07
102400,50,591,173,0.018212890625,0.002642828,-0.0005173683166503906,-0.0004691076566814445,1.3033595085144043,0.0003,-0.012501729652285576,0.2,-3.3840326271951198,490,6.5631291444326184e-06
104448,51,592,176,0.033203125,0.006150558,0.0022311806678771973,-0.0014288367616245522,1.2818922996520996,0.0003,-0.00967717170715332,0.2,-3.3417526073753834,500,1.5012509641845316e-08
106496,52,592,179,0.071044921875,0.007709682,-0.0007808208465576172,-0.0021131686109583823,1.2754744291305542,0.0003,0.020018570125102997,0.2,-3.320481513440609,510,1.3714367485860579e-05
108544,53,592,183,0.062158203125,0.010279322,0.0016768574714660645,-0.002867170395620633,1.2428476810455322,0.0003,-0.011263430118560791,0.2,-3.288569814711809,520,2.970918255224067e-08
110592,54,593,186,0.03642578125,0.006633962,-0.00241243839263916,-0.002415235896478407,1.2252812385559082,0.0003,-0.0062003061175346375,0.2,-3.2468549847602843,530,1.850494464648299e-05
112640,55,593,189,0.08671875,0.005524278,2.002716064453125e-05,-0.0017806082796596456,1.2324154376983643,0.0003,-0.015042051672935486,0.2,-3.2407239064574243,540,2.3587342332952772e-07
114688,56,595,192,0.11875,0.012547933,0.0002173781394958496,-0.00031330747588071973,1.2465229034423828,0.0003,-0.006991859525442123,0.2,-3.259645115584135,550,4.421540584232878e-07
116736,57,595,196,0.076904296875,0.0071908836,0.00036710500717163086,-0.0021767658108728938,1.2685728073120117,0.0003,-0.0160047747194767,0.2,-3.290940364450216,560,1.0750853246537677e-07
118784,58,595,199,0.085546875,0.012876962,-0.00013649463653564453,-0.00247021841496462,1.2934507131576538,0.0003,0.006129223853349686,0.2,-3.329163509607315,570,4.897421013523064e-06
120832,59,596,202,0.056396484375,0.005787738,-0.00020492076873779297,-0.0008243706761277281,1.294774055480957,0.0003,0.026749012991786003,0.2,-3.349717105180025,580,2.151059081863301e-06
122880,60,595,206,0.063916015625,0.005289587,1.7583370208740234e-05,-0.0021883982888539323,1.3146816492080688,0.0003,-0.0033366361167281866,0.2,-3.3657591357827186,590,6.9367971360166645e-06
124928,61,595,209,0.087841796875,0.009794004,-0.00017058849334716797,-0.001721636780712288,1.3440476655960083,0.0003,-0.020651286467909813,0.2,-3.40627416074276,600,2.172081457730459e-07
126976,62,595,213,0.046630859375,0.0070841317,0.00018727779388427734,-0.0010857573623070493,1.3574392795562744,0.0003,-0.01876121014356613,0.2,-3.4376112818717957,610,2.9495457683184623e-05
129024,63,596,216,0.046728515625,0.0062811538,3.9458274841308594e-05,0.00014397758786799386,1.3814454078674316,0.0003,0.013622627593576908,0.2,-3.464212755858898,620,6.55972446587095e-07
131072,64,597,219,0.063916015625,0.008872002,0.0001436471939086914,-0.0010217532646493055,1.40562105178833,0.0003,-0.01052563451230526,0.2,-3.5008605808019637,630,3.012252880913788e-08
133120,65,597,222,0.0234375,0.00545728,-0.0003675222396850586,-0.0002515363899874501,1.4180591106414795,0.0003,-0.017027003690600395,0.2,-3.5246591076254843,640,7.443426368940686e-08
135168,66,597,226,0.11015625,0.009571288,-0.00031185150146484375,-0.003964959269796964,1.436556100845337,0.0003,-0.01899794116616249,0.2,-3.5476513355970383,650,2.1171070183329638e-08
137216,67,597,229,0.016064453125,0.004861584,-6.687641143798828e-05,-0.0004188121441984549,1.460482120513916,0.0003,0.0055863456800580025,0.2,-3.578160124272108,660,1.5863437025573197e-08
139264,68,598,232,0.1091796875,0.010317718,-9.489059448242188e-05,-0.0028978349742828867,1.4829764366149902,0.0003,-0.016269460320472717,0.2,-3.6111133567988873,670,2.7700962885262256e-06
141312,69,598,236,0.015673828125,0.0028977967,0.0009654760360717773,-0.0008375363817322068,1.5348504781723022,0.0003,-0.006907507311552763,0.2,-3.6629171162843703,680,3.220267779341086e-07
143360,70,598,239,0.052490234375,0.0065406812,0.0002772808074951172,-0.002432672352006193,1.5263192653656006,0.0003,0.008545653894543648,0.2,-3.685886760056019,690,4.7085547480870555e-05
145408,71,598,243,0.029150390625,0.007060026,-0.0007690191268920898,-0.0005972756160190329,1.530900001525879,0.0003,-0.021272417157888412,0.2,-3.6894606739282607,700,4.021056397202657e-09
147456,72,598,246,0.087548828125,0.009599177,-9.572505950927734e-05,-0.0024397947068791836,1.5540459156036377,0.0003,0.004721531644463539,0.2,-3.704706948250532,710,3.0152135939781205e-09
149504,73,599,249,0.046875,0.006152395,6.031990051269531e-05,-0.0017233427097380627,1.5808086395263672,0.0003,-0.011706898920238018,0.2,-3.7387319199740885,720,6.603886711372131e-09
151552,74,600,252,0.04560546875,0.009077866,-0.0006797313690185547,-2.0446660346351565e-05,1.6045479774475098,0.0003,0.0018458106787875295,0.2,-3.7713450655341147,730,9.337977082835346e-10
153600,75,600,255,0.04189453125,0.00517751,-0.0005943775177001953,-0.0013870561866497154,1.6349678039550781,0.0003,-0.006565412972122431,0.2,-3.802864811569452,740,2.041653992936065e-06
155648,76,600,259,0.111181640625,0.007882102,-1.3589859008789062e-05,-0.004520983956172131,1.650342345237732,0.0003,-0.0028155744075775146,0.2,-3.8287105709314346,750,9.316746171942641e-08
157696,77,600,262,0.05966796875,0.007121566,-0.0009677410125732422,-0.0017139604096882977,1.6747024059295654,0.0003,0.012620707973837852,0.2,-3.852924943715334,760,3.739248944325949e-06
159744,78,600,265,0.015966796875,0.0043010665,-0.00029158592224121094,-0.0002775319022475742,1.7047593593597412,0.0003,0.003970961086452007,0.2,-3.885347971320152,770,9.961817635033526e-08
161792,79,600,269,0.0390625,0.004378816,0.0005908608436584473,-0.0007304076469154097,1.703967809677124,0.0003,0.0037011420354247093,0.2,-3.9015600726008417,780,6.25974703576381e-06
163840,80,600,272,0.00859375,0.002502924,-0.0006868839263916016,-0.00010538621427258477,1.743904948234558,0.0003,-0.012001697905361652,0.2,-3.9247246704995633,790,8.752974778057426e-08
165888,81,600,276,0.0412109375,0.007011028,0.00011098384857177734,-0.0008467582389130257,1.7701904773712158,0.0003,-0.015282380394637585,0.2,-3.96388920545578,800,2.7632632027022212e-09
167936,82,600,279,0.0869140625,0.0076076603,0.0008154511451721191,-0.0026056917718960903,1.7695986032485962,0.0003,-0.02038077637553215,0.2,-3.9752054065465927,810,6.057150093449157e-06
169984,83,600,282,0.06533203125,0.006933395,0.0011692047119140625,-0.0011767500851419753,1.7936619520187378,0.0003,0.006377957761287689,0.2,-3.990646171569824,820,1.1601288565259429e-09
172032,84,601,286,0.01298828125,0.0035061438,6.073713302612305e-05,-0.00023246612181537785,1.8196265697479248,0.0003,0.00903644785284996,0.2,-4.021109700202942,830,1.860702308923205e-07
174080,85,601,289,0.035791015625,0.003255974,-0.0015528202056884766,-0.00034768970363074914,1.81139075756073,0.0003,-0.014480561949312687,0.2,-4.030616477131844,840,2.2836785514818626e-05
176128,86,602,292,0.037744140625,0.0030238028,-0.0018423795700073242,-0.0007889746339060366,1.8105435371398926,0.0003,-0.005583988502621651,0.2,-4.0223113432526585,850,3.647565693586382e-10
178176,87,602,295,0.0244140625,0.0023476498,-4.470348358154297e-05,-0.0002903584165323991,1.8502497673034668,0.0003,-0.01207512617111206,0.2,-4.045329952239991,860,4.4389737070297687e-10
180224,88,602,299,0.120556640625,0.010440213,-0.0026710033416748047,-0.0030135573862935415,1.8354485034942627,0.0003,-0.020114699378609657,0.2,-4.057038921117782,870,2.321353010770204e-10
182272,89,602,302,0.0291015625,0.007642532,-0.00012230873107910156,0.00034247342409798875,1.8464330434799194,0.0003,0.0010428652167320251,0.2,-4.055879135429859,880,1.3171020834105212e-10
184320,90,602,306,0.082177734375,0.0067524845,0.0036295056343078613,-0.0015356230709585362,1.8576345443725586,0.0003,0.01911008358001709,0.2,-4.0662543088197705,890,7.477654240996515e-11
186368,91,602,309,0.031884765625,0.006539008,0.008007943630218506,-0.0011019533463695551,1.838560938835144,0.0003,-0.00945759005844593,0.2,-4.060832303762436,900,3.6330446475575913e-06
188416,92,602,312,0.0892578125,0.009215673,0.000314176082611084,-0.001050987554481253,1.8626857995986938,0.0003,-0.008126911707222462,0.2,-4.064048585295677,910,9.699320719943229e-07
190464,93,603,315,0.062060546875,0.008157166,0.0005148053169250488,-0.0005152159450517501,1.8743221759796143,0.0003,-0.011433889158070087,0.2,-4.084362156689167,920,9.62069865371625e-06
192512,94,603,319,0.084814453125,0.00793057,-0.0003693103790283203,-0.0028220447420608252,1.9127061367034912,0.0003,-0.009591608308255672,0.2,-4.11069415807724,930,6.7932514557852416e-09
194560,95,603,322,0.03896484375,0.0054842792,-0.00032889842987060547,-0.0010254742723191158,1.9378453493118286,0.0003,-0.02142525464296341,0.2,-4.1446567684412,940,1.9774754039022375e-08
196608,96,604,325,0.105078125,0.010977065,-0.0008863210678100586,-0.002101196622243151,1.976252794265747,0.0003,-0.00411825068295002,0.2,-4.174123711884022,950,1.8828383135658886e-08
198656,97,603,328,0.0552734375,0.0039806655,0.0002117753028869629,-0.001340847813844448,2.011157989501953,0.0003,-0.008214486762881279,0.2,-4.21074510961771,960,2.60580580137844e-06
200704,98,604,332,0.010791015625,0.0022314738,0.0005312561988830566,-0.00019808950964943505,2.0485239028930664,0.0003,-0.004418503027409315,0.2,-4.2424728468060495,970,4.281981402766655e-09
202752,99,604,335,0.06240234375,0.0078751175,-0.0014271736145019531,-0.001250631573202554,2.0625829696655273,0.0003,0.0378015860915184,0.2,-4.270984441041946,980,7.541193030345222e-07
204800,100,604,338,0.096826171875,0.0075549968,-0.0013768672943115234,-0.004347570550453384,2.0723249912261963,0.0003,-0.023286715149879456,0.2,-4.2805071622133255,990,8.143062694026077e-06
206848,101,604,342,0.04384765625,0.0062502353,-0.0004718303680419922,-0.0006017905412591063,2.0845463275909424,0.0003,0.002728685736656189,0.2,-4.292710188031196,1000,3.434801590674796e-11
208896,102,604,345,0.0267578125,0.006094678,-0.00464785099029541,-0.0007250063034007325,2.094181776046753,0.0003,-0.004835629835724831,0.2,-4.305629275739193,1010,5.412227147762461e-11
210944,103,604,348,0.106494140625,0.01053125,0.003977537155151367,-0.002645108698925469,2.124608278274536,0.0003,0.030781548470258713,0.2,-4.322639906406403,1020,2.2354624799418396e-10
212992,104,605,351,0.1009765625,0.010025492,-0.003183126449584961,-0.0029248426952108277,2.146651268005371,0.0003,-0.016095632687211037,0.2,-4.3488789483904835,1030,9.021270262561724e-06
215040,105,605,355,0.063623046875,0.007621527,0.0015022754669189453,-0.0016214525618124752,2.166771411895752,0.0003,-0.003075089305639267,0.2,-4.365525270998478,1040,2.6549111326918017e-11
217088,106,605,358,0.00625,0.002029891,-0.01221776008605957,0.00043084410426672546,2.185844659805298,0.0003,-0.005350686609745026,0.2,-4.38760327398777,1050,6.810302075254619e-12
219136,107,605,362,0.07841796875,0.0061213737,0.009753644466400146,-0.0023055778568959796,2.1982035636901855,0.0003,-0.014865189790725708,0.2,-4.40251241773367,1060,2.0413116159656695e-11
221184,108,605,365,0.074609375,0.006439047,-0.0026079416275024414,-0.00361360977840377,2.235783100128174,0.0003,0.016747059300541878,0.2,-4.42513266056776,1070,1.0389068795874047e-11
223232,109,605,368,0.128369140625,0.010292977,-0.003203749656677246,-0.004584411188989179,2.2453432083129883,0.0003,-0.005286112427711487,0.2,-4.4444495677948,1080,2.6172384555947073e-06
225280,110,605,372,0.07138671875,0.008140384,0.02489161491394043,-0.0023150436449213886,2.2556214332580566,0.0003,0.003181684762239456,0.2,-4.454010708630085,1090,2.5204373102153308e-11
227328,111,604,375,0.01337890625,0.0026754176,-0.013845562934875488,-0.00042744422462419606,2.2790489196777344,0.0003,-0.0023692219983786345,0.2,-4.469825679063797,1100,1.6036936341503322e-06
229376,112,605,379,0.009423828125,0.0021016584,0.0017985701560974121,-0.00046882358874427154,2.2734789848327637,0.0003,0.009268995374441147,0.2,-4.473390801250934,1110,6.857806217265292e-08
231424,113,605,382,0.07353515625,0.0064150323,-0.0008214712142944336,-0.0013830534953740425,2.2772724628448486,0.0003,-0.02525866962969303,0.2,-4.475824475288391,1120,5.740332503792065e-06
233472,114,605,385,0.08974609375,0.009171074,-0.002622365951538086,-0.0024876937706721945,2.283884048461914,0.0003,0.024382183328270912,0.2,-4.482806992530823,1130,2.146865482426505e-09
235520,115,604,389,0.014697265625,0.0027569719,-0.002656102180480957,0.00026965951547026635,2.2951793670654297,0.0003,-0.016086749732494354,0.2,-4.490537610650063,1140,6.358418347695199e-09
237568,116,604,392,0.13603515625,0.011208236,0.0005934834480285645,-0.003655567279201932,2.3036258220672607,0.0003,0.0001058448979165405,0.2,-4.498908230662346,1150,5.7942161934449796e-06
239616,117,604,396,0.07314453125,0.008021871,0.0005671977996826172,-0.0024708760909561535,2.3295810222625732,0.0003,-0.0030674338340759277,0.2,-4.517298842966556,1160,2.8696355656449077e-10
241664,118,604,399,0.0564453125,0.006191956,-0.0014995336532592773,-0.001930635343887843,2.337437629699707,0.0003,-0.0114187216386199,0.2,-4.526827147603035,1170,1.3083812925719099e-10
243712,119,604,403,0.02490234375,0.0045670057,0.001576840877532959,-0.0004125810824916698,2.353872299194336,0.0003,0.004853222984820604,0.2,-4.537198978662491,1180,2.996128486618869e-09
245760,120,604,406,0.060498046875,0.0069417544,0.0023142099380493164,-0.0017876890837214888,2.338984966278076,0.0003,-0.0017478431109338999,0.2,-4.538754633069038,1190,1.445564235224601e-06
247808,121,604,410,0.034228515625,0.002752455,-0.001519918441772461,-0.0008801662756013684,2.371196985244751,0.0003,0.006942671723663807,0.2,-4.544327563047409,1200,3.305391095336222e-06
249856,122,603,413,0.052197265625,0.008150966,0.03665965795516968,-0.0011060769829782657,2.3703737258911133,0.0003,0.004276113584637642,0.2,-4.552404792606831,1210,2.9493797388257794e-10
251904,123,604,416,0.08427734375,0.0067501627,0.05004763603210449,-0.004189659035182558,2.376720666885376,0.0003,-0.0035838093608617783,0.2,-4.556158104538918,1220,8.6076168837405e-10
253952,124,604,420,0.04853515625,0.0068358257,0.01043856143951416,-0.0013513479215362168,2.4052486419677734,0.0003,0.00506024993956089,0.2,-4.570647864043712,1230,2.754965112676401e-06
256000,125,604,423,0.028125,0.004820983,-0.031241416931152344,-0.0011216048322239657,2.400104522705078,0.0003,0.015536881983280182,0.2,-4.5810624524950985,1240,1.7141435824313694e-13
258048,126,604,426,0.012060546875,0.0023948986,-0.020106077194213867,-0.00034280758336535655,2.4212121963500977,0.0003,-0.0069457367062568665,0.2,-4.589080786705017,1250,6.398420003553042e-12
260096,127,604,430,0.001416015625,0.0006967198,-0.03800547122955322,2.470769686624408e-08,2.4519355297088623,0.0003,-0.001190144568681717,0.2,-4.6126788184046745,1260,8.50944325118853e-07
262144,128,604,433,0.0099609375,0.004539569,0.10599905252456665,-0.00027626904848148114,2.447065830230713,0.0003,0.010137615725398064,0.2,-4.621329140663147,1270,1.6833361697905428e-05
264192,129,604,436,0.101025390625,0.0071430183,0.0023114681243896484,-0.0027772087836638094,2.450087547302246,0.0003,-0.024538151919841766,0.2,-4.619463866949081,1280,2.3027638260696202e-07
266240,130,604,440,0.007080078125,0.0016959461,0.0009859800338745117,-0.0001680305751506239,2.4868454933166504,0.0003,-0.0010116863995790482,0.2,-4.637084953486919,1290,2.734519599859793e-10
268288,131,604,443,0.10703125,0.008480152,-0.00426638126373291,-0.002235706741339527,2.4898226261138916,0.0003,-0.007904388941824436,0.2,-4.656755842268467,1300,3.1317821832726325e-10
270336,132,604,447,0.056982421875,0.0050842213,-0.0011152029037475586,-0.001775871626159642,2.5060648918151855,0.0003,-0.0029246509075164795,0.2,-4.66452242732048,1310,1.807337540499839e-10
272384,133,604,450,0.053076171875,0.005546185,0.00022774934768676758,-0.0017709442829072942,2.5126090049743652,0.0003,0.019828548654913902,0.2,-4.671844987571239,1320,6.96023803043439e-10
274432,134,604,453,0.03818359375,0.007565568,0.005729377269744873,-0.0012088989911717362,2.5398964881896973,0.0003,0.01658233441412449,0.2,-4.686288967728615,1330,8.909277317300517e-10
276480,135,605,456,0.055126953125,0.0063941916,0.009056925773620605,-0.0022705479597789234,2.554107427597046,0.0003,0.010829698294401169,0.2,-4.699667929112911,1340,2.3669017709842985e-06
278528,136,604,460,0.021826171875,0.0037220079,-0.009764909744262695,-0.0003501926563330926,2.5409059524536133,0.0003,-0.006073193624615669,0.2,-4.699264416098595,1350,4.4141444256078994e-10
280576,137,604,463,0.00751953125,0.0034764765,-0.003117799758911133,0.0004351114184828475,2.5739240646362305,0.0003,-0.0014294255524873734,0.2,-4.705112288892269,1360,3.9544494297676e-06
282624,138,605,466,0.042822265625,0.0045026634,0.020284295082092285,-0.0009182544163195416,2.5836992263793945,0.0003,0.011741247028112411,0.2,-4.723857097327709,1370,1.2534295766020741e-11
284672,139,605,470,0.024462890625,0.004891706,0.00964134931564331,-0.0006271371770708356,2.5823211669921875,0.0003,0.010942302644252777,0.2,-4.729351744055748,1380,1.0629389802585784e-11
286720,140,605,473,0.028271484375,0.0024933014,-0.009145975112915039,-0.0010385758738266303,2.613041639328003,0.0003,-0.0054209367372095585,0.2,-4.740608510375023,1390,2.9527694654205396e-10
288768,141,604,477,0.03759765625,0.00495842,-0.005296230316162109,-0.0018461978957930113,2.590489387512207,0.0003,-0.012130239978432655,0.2,-4.742896777391434,1400,5.979520943798612e-06
290816,142,605,480,0.03359375,0.002953397,-0.006130099296569824,-0.0012387921451590955,2.5657079219818115,0.0003,0.0006585344672203064,0.2,-4.723543168604374,1410,1.4887065865974341e-12
292864,143,605,483,0.05361328125,0.004812414,0.04728299379348755,-0.0024677363384398633,2.514899253845215,0.0003,-0.014482762664556503,0.2,-4.691428710520268,1420,1.7604024065800891e-12
294912,144,604,487,0.02001953125,0.005243619,-0.0065087080001831055,-0.001381956246041227,2.4638288021087646,0.0003,-0.015989167615771294,0.2,-4.649815909564495,1430,1.280821896313598e-11
296960,145,605,490,0.017236328125,0.006302336,0.07560932636260986,-0.0009089414459594991,2.4627394676208496,0.0003,0.007135055027902126,0.2,-4.624100834131241,1440,2.9099168407349044e-06
299008,146,604,494,0.04697265625,0.0068366504,-0.005674839019775391,-0.0018875775393098592,2.461845874786377,0.0003,0.003440314903855324,0.2,-4.625629197061062,1450,2.5474433169737e-10
301056,147,605,497,0.05419921875,0.008797281,0.019774794578552246,-0.0021499545371625574,2.4471330642700195,0.0003,-0.009447891265153885,0.2,-4.618334479629993,1460,1.314674610972929e-10
303104,148,604,500,0.052294921875,0.0032956596,-0.015469074249267578,-0.0016645377079839818,2.4323105812072754,0.0003,-0.010144918225705624,0.2,-4.604457134008408,1470,1.0211460638685098e-05
305152,149,605,504,0.028076171875,0.004874537,0.018452346324920654,-0.0006299426404439146,2.4597344398498535,0.0003,-0.007196903228759766,0.2,-4.614025071263313,1480,4.15617597180458e-11
307200,150,605,507,0.029052734375,0.0048739268,-0.030571341514587402,-0.0007212099437310826,2.490251064300537,0.0003,0.004677949473261833,0.2,-4.640155351161956,1490,1.5200143877825103e-12
309248,151,605,510,0.009716796875,0.00230504,0.02504807710647583,-0.0001575738970132079,2.5037107467651367,0.0003,0.008936695754528046,0.2,-4.6557688668370245,1500,4.481806005429148e-12
311296,152,605,514,0.05478515625,0.007876079,0.0415990948677063,-0.0024067401813226753,2.4843575954437256,0.0003,0.01772940717637539,0.2,-4.649820390343666,1510,2.030402658675069e-11
313344,153,605,517,0.017822265625,0.004895938,-0.01414501667022705,-0.001068197340646293,2.4979233741760254,0.0003,0.005390981677919626,0.2,-4.646651589870453,1520,1.1084266124185148e-11
315392,154,605,520,0.026416015625,0.003945672,0.09638845920562744,-0.0006600335087568965,2.4952611923217773,0.0003,-0.008772442117333412,0.2,-4.655374041199684,1530,2.232677258213301e-06
317440,155,605,523,0.097412109375,0.008242341,-0.016189932823181152,-0.003998567966118571,2.5324294567108154,0.0003,-0.004618987441062927,0.2,-4.671074029803276,1540,6.272268441067087e-13
319488,156,606,527,0.005126953125,0.00295548,0.0749891996383667,-6.566177398781292e-05,2.5451364517211914,0.0003,-0.0013141349190846086,0.2,-4.690535496175289,1550,1.0135409298542027e-06
321536,157,606,530,0.079443359375,0.008156742,0.000462949275970459,-0.0032344874809496103,2.505293846130371,0.0003,-0.0015888733323663473,0.2,-4.6790367975831035,1560,7.966474276512368e-07
323584,158,606,533,0.091796875,0.009120373,-0.0029146671295166016,-0.0036603630549507217,2.4897170066833496,0.0003,0.012864912860095501,0.2,-4.656628887355327,1570,1.7722763172407612e-06
325632,159,606,537,0.001171875,0.0012533854,0.00037992000579833984,-6.584089569514618e-05,2.491935968399048,0.0003,-0.004560931120067835,0.2,-4.656121179461479,1580,5.714472518482749e-07
327680,160,606,540,0.023388671875,0.0062008547,0.001417696475982666,-0.00046080137399258093,2.523634910583496,0.0003,0.021105894818902016,0.2,-4.668943411111831,1590,3.439835358492888e-07
329728,161,606,543,0.084521484375,0.008747373,0.00160294771194458,-0.002573228205437772,2.5660624504089355,0.0003,0.002165517071262002,0.2,-4.699322967231273,1600,7.009481636395622e-07
331776,162,606,547,0.073388671875,0.0074167885,-0.000301361083984375,-0.0019980180950369686,2.5957131385803223,0.0003,-0.019058965146541595,0.2,-4.7236736714839935,1610,1.1785508235485168e-06
333824,163,606,550,0.069921875,0.01017119,0.00016260147094726562,-0.0015806394185347017,2.560720443725586,0.0003,0.005474585108458996,0.2,-4.717416709661483,1620,1.011969839471035e-06
335872,164,606,554,0.103076171875,0.008552536,0.0005134940147399902,-0.002864632802084088,2.539216995239258,0.0003,-0.02161247655749321,0.2,-4.694208543002605,1630,3.233561420245526e-07
337920,165,606,557,0.0857421875,0.008175103,0.0003895759582519531,-0.004076363253989257,2.479030132293701,0.0003,0.004576044622808695,0.2,-4.661378608644009,1640,1.3994799247880622e-06
339968,166,606,560,0.00400390625,0.0020397464,-2.944469451904297e-05,0.00018532099784351885,2.435675621032715,0.0003,-0.007870588451623917,0.2,-4.618467372655869,1650,1.8310934821635637e-08
342016,167,606,563,0.021337890625,0.0046657254,0.00034105777740478516,-0.00048596073320368306,2.433495283126831,0.0003,-0.009941279888153076,0.2,-4.601498462259769,1660,4.668758711973597e-06
344064,168,606,567,0.0525390625,0.005336117,0.00035381317138671875,-0.0019087060369201935,2.378418207168579,0.0003,0.007691036909818649,0.2,-4.577461440861225,1670,4.311602709200162e-09
346112,169,606,571,0.0373046875,0.006939136,-0.000977158546447754,-0.0021137560201168527,2.348677396774292,0.0003,0.012250707484781742,0.2,-4.544064611196518,1680,1.5109192198709213e-08
348160,170,606,574,0.037109375,0.007961939,-0.0007179975509643555,-0.0015891663162619807,2.2981135845184326,0.0003,-0.003972939681261778,0.2,-4.508301794528961,1690,4.695310084888059e-08
350208,171,606,577,0.0326171875,0.005971172,-0.0003342628479003906,-0.0028160155095974916,2.2789835929870605,0.0003,-0.014178141951560974,0.2,-4.477681620419025,1700,9.454154035964783e-06
352256,172,606,581,0.0234375,0.0068167644,-0.0008153915405273438,-0.0011436596054409166,2.2245094776153564,0.0003,-0.01875906065106392,0.2,-4.442775523662567,1710,1.7252028267252523e-09
354304,173,606,584,0.04521484375,0.0040689097,0.00039899349212646484,-0.0027367268470698037,2.152891159057617,0.0003,0.02422196790575981,0.2,-4.3845728084445,1720,4.185059076143825e-10
356352,174,605,588,0.016552734375,0.0036259159,-0.0019339323043823242,0.0002624770102556795,2.1203227043151855,0.0003,-0.004972007125616074,0.2,-4.3359278529882435,1730,7.885985515783353e-09
358400,175,605,591,0.03125,0.0051711956,0.002489745616912842,-0.0009242001688107848,2.0890860557556152,0.0003,0.0066288672387599945,0.2,-4.302212914824485,1740,1.5409469520867575e-08
360448,176,606,594,0.03037109375,0.0034266303,-0.0010154247283935547,-0.00025299568878836,2.0583739280700684,0.0003,-0.006515078712254763,0.2,-4.271980905532837,1750,7.462985703718025e-06
362496,177,606,598,0.093359375,0.009336342,-0.0005644559860229492,-0.0018022332864347846,2.081897735595703,0.0003,0.003680279478430748,0.2,-4.270067347586155,1760,5.204165878309468e-10
364544,178,606,601,0.07861328125,0.0068429504,-0.00011432170867919922,-0.0015736389497760684,2.111149311065674,0.0003,-0.006314316764473915,0.2,-4.29571802765131,1770,4.744947884427017e-10
366592,179,606,604,0.086181640625,0.009940925,0.0009113550186157227,-0.002310071827378124,2.127340793609619,0.0003,-0.006991254165768623,0.2,-4.320996853709221,1780,4.94352100834026e-10
368640,180,606,608,0.03369140625,0.0066822097,-0.002104520797729492,0.00026783769717440007,2.1510424613952637,0.0003,0.012587737292051315,0.2,-4.335669238865376,1790,8.030759120717664e-08
370688,181,606,611,0.03076171875,0.007522241,0.0007045269012451172,0.0001523236438515596,2.1855316162109375,0.0003,0.01357791107147932,0.2,-4.361687146127224,1800,6.199479129197891e-07
372736,182,606,614,0.037646484375,0.004299886,-0.0002694129943847656,-0.0006447417406889144,2.2006332874298096,0.0003,0.006603941321372986,0.2,-4.384426210820675,1810,8.894268214182814e-06
374784,183,606,618,0.037548828125,0.0056749266,-0.0001341104507446289,-0.0008479518219246529,2.2255611419677734,0.0003,-0.004936419427394867,0.2,-4.4037078529596325,1820,3.3539026861219566e-08
376832,184,606,621,0.03994140625,0.0055766287,-0.0004919767379760742,-0.0009514575664070435,2.2493503093719482,0.0003,-0.010664934292435646,0.2,-4.424443593621254,1830,4.6145682633197554e-08
378880,185,606,625,0.04287109375,0.0040956475,-0.0010334253311157227,-0.0010208200306806247,2.2453835010528564,0.0003,0.0025315433740615845,0.2,-4.4335438221693035,1840,9.300121651514126e-07
380928,186,606,628,0.060205078125,0.008375436,3.0934810638427734e-05,-0.0015447161276824772,2.2790889739990234,0.0003,0.01016920804977417,0.2,-4.446544855833054,1850,1.7532203729890103e-08
382976,187,606,631,0.09404296875,0.008756865,-5.7220458984375e-05,-0.0016422262371634134,2.2982919216156006,0.0003,-0.000934954674448818,0.2,-4.472571527957916,1860,1.377492085103352e-07
385024,188,606,635,0.095654296875,0.010123807,0.0004616379737854004,-0.0028074039801140316,2.351172924041748,0.0003,0.031813886016607285,0.2,-4.502213640511036,1870,1.0156517019466672e-06
387072,189,606,638,0.04287109375,0.0066735577,-0.0029660463333129883,-0.001485302226501517,2.3530259132385254,0.0003,-0.0002685635699890554,0.2,-4.527117247879505,1880,9.52191411386908e-07
389120,190,605,642,0.06708984375,0.007087685,-0.0006393194198608398,-0.002205522029544227,2.408890724182129,0.0003,0.0025282695423811674,0.2,-4.55174865424633,1890,2.9484105360082373e-07
391168,191,605,645,0.120703125,0.009995747,0.00025153160095214844,-0.0020580235141096637,2.4274301528930664,0.0003,0.005066961050033569,0.2,-4.576184226572513,1900,7.622476791368452e-06
393216,192,605,648,0.052734375,0.0073352056,3.510713577270508e-05,-0.001807550058583729,2.420210838317871,0.0003,-0.0021304376423358917,0.2,-4.574076321721077,1910,3.0763115572100786e-09
395264,193,605,652,0.04384765625,0.0033194914,-0.0006797313690185547,-0.000525988767913077,2.4278039932250977,0.0003,-0.029439322650432587,0.2,-4.571688766777515,1920,6.803374582279588e-09
397312,194,605,656,0.031005859375,0.0044543324,0.0006447434425354004,0.00037607253761962056,2.4636893272399902,0.0003,-0.006377870216965675,0.2,-4.585785746574402,1930,1.2085106130474236e-09
399360,195,605,659,0.07958984375,0.0079022385,0.0007496476173400879,-0.0013589331720140763,2.465118408203125,0.0003,-0.01899602822959423,0.2,-4.6073270872235295,1940,6.277709656849758e-09
401408,196,605,662,0.0931640625,0.009614672,-0.00016701221466064453,-0.0021896405873121695,2.5112314224243164,0.0003,-0.02031930908560753,0.2,-4.623395118117332,1950,2.0258189698055782e-07
403456,197,605,665,0.14345703125,0.009698985,-0.007695913314819336,-0.0037048715232231187,2.5171988010406494,0.0003,-3.382545764907263e-05,0.2,-4.644072832167149,1960,1.8475021027341212e-06
405504,198,605,669,0.0568359375,0.0070264945,0.009116590023040771,-0.0012413999807904474,2.521347999572754,0.0003,-0.0017273267731070518,0.2,-4.650053794682026,1970,3.2576524356423295e-10
407552,199,605,672,0.007421875,0.0012477483,-0.009355545043945312,-0.00011244558409089223,2.5751209259033203,0.0003,-0.003074911655858159,0.2,-4.6802035346627235,1980,7.3080447627944234e-06
409600,200,605,676,0.02353515625,0.0030420872,8.171796798706055e-05,-0.00044668949994957073,2.563347816467285,0.0003,0.0032012462615966797,0.2,-4.695093646645546,1990,1.0687855685696834e-06
411648,201,605,679,0.06708984375,0.007116279,-0.00042247772216796875,-0.0017000642517814412,2.60636043548584,0.0003,-0.00356375053524971,0.2,-4.709676033258438,2000,9.477738032164385e-09
413696,202,606,682,0.000927734375,0.0013673496,-0.0003371238708496094,0.0007224113840493373,2.622246265411377,0.0003,-0.00428397161886096,0.2,-4.7292834430932995,2010,2.426791041233744e-08
415744,203,606,685,0.02431640625,0.0024220455,4.1484832763671875e-05,-0.00018516613490646706,2.6301939487457275,0.0003,-0.004106296692043543,0.2,-4.738811002671719,2020,9.484358995193117e-09
417792,204,606,689,0.103759765625,0.007804568,8.416175842285156e-05,-0.002747059494140558,2.6232986450195312,0.0003,-0.0021335920318961143,0.2,-4.739054237306118,2030,7.364189235486888e-08
419840,205,606,692,0.011962890625,0.0017560777,0.00048786401748657227,-0.00013901233905926346,2.6725924015045166,0.0003,-0.002983084646984935,0.2,-4.757899330556393,2040,6.778904753929072e-07
421888,206,606,696,0.00576171875,0.0036721423,0.0006567835807800293,-0.0003231436596252024,2.678715705871582,0.0003,0.004719716962426901,0.2,-4.777123968303203,2050,9.981629450718563e-07
423936,207,605,699,0.032421875,0.004845159,0.0009613037109375,-0.000466184587276075,2.72293758392334,0.0003,0.006866617128252983,0.2,-4.791016177833081,2060,1.6724999171353142e-06
425984,208,605,703,0.014697265625,0.0034341991,0.0015129446983337402,-0.0005490305658895523,2.7794833183288574,0.0003,0.010654246434569359,0.2,-4.831925006210804,2070,3.5094192009731555e-09
428032,209,605,706,0.045947265625,0.008500416,0.0010325908660888672,-0.0008589509016019292,2.8092522621154785,0.0003,-0.0021629107650369406,0.2,-4.864668640494346,2080,1.3338813853268888e-06
430080,210,605,710,0.0984375,0.007959953,0.0005172491073608398,-0.004193945041333791,2.837254047393799,0.0003,0.005797643214464188,0.2,-4.881428480148315,2090,2.1406673268134507e-10
432128,211,605,713,0.069189453125,0.005327163,-0.003106832504272461,-0.0017055762393283658,2.8322057723999023,0.0003,0.015402717515826225,0.2,-4.890758293867111,2100,9.594834175944623e-08
434176,212,605,716,0.027392578125,0.0036153859,-0.0010447502136230469,-0.0003481649575405754,2.81563663482666,0.0003,0.008955024182796478,0.2,-4.885402810573578,2110,5.6718042546937454e-06
436224,213,605,720,0.041845703125,0.0072017675,-0.001344919204711914,-0.0014836704605841078,2.797933578491211,0.0003,-0.006303906440734863,0.2,-4.8704749450087546,2120,5.324964192571357e-10
438272,214,605,723,0.044482421875,0.005395241,0.0007261037826538086,-0.0017133002111222595,2.758333921432495,0.0003,0.0031803958117961884,0.2,-4.8470554649829865,2130,6.786682100270335e-10
440320,215,605,727,0.021923828125,0.004413668,0.00031065940856933594,-0.0009431282531295437,2.7445476055145264,0.0003,-0.004554687067866325,0.2,-4.829021199047565,2140,2.6798080530535933e-09
442368,216,605,730,0.0091796875,0.0045382716,0.0006514787673950195,-0.0007236709279823117,2.6636061668395996,0.0003,0.011392124928534031,0.2,-4.795368005335331,2150,4.797041298661062e-06
444416,217,605,734,0.045068359375,0.0036871303,0.001443326473236084,-0.0005269136017886922,2.712116241455078,0.0003,-0.0011495845392346382,0.2,-4.783437070250511,2160,8.33571296451069e-10
446464,218,604,738,0.037451171875,0.0038313665,0.0031901001930236816,-0.0013764250274107327,2.755606174468994,0.0003,0.014579534530639648,0.2,-4.819131864607334,2170,7.315010089571927e-10
448512,219,604,741,0.050390625,0.006580526,-0.00012624263763427734,-0.0014177642515278421,2.7657670974731445,0.0003,0.018909409642219543,0.2,-4.837648963928222,2180,2.631990528961783e-07
450560,220,604,744,0.069873046875,0.008388585,-0.0001138448715209961,-0.0021834729639522267,2.76521635055542,0.0003,-0.010782144963741302,0.2,-4.837834864854813,2190,4.1204878315101674e-08
452608,221,604,748,0.02802734375,0.0046752533,0.0022534728050231934,-0.00033835063368314877,2.74729585647583,0.0003,-0.009454542770981789,0.2,-4.833143481612206,2200,3.0738589220553427e-07
454656,222,604,751,0.05732421875,0.0073030605,0.0015766024589538574,-0.0008075852747424506,2.762657403945923,0.0003,0.029375197365880013,0.2,-4.836316214501858,2210,1.436296887340109e-06
456704,223,604,755,0.0759765625,0.0052230824,0.0003489851951599121,-0.002410909091850044,2.813594341278076,0.0003,-0.015657559037208557,0.2,-4.863311186432838,2220,1.8803846666818175e-09
458752,224,604,758,0.054443359375,0.006597987,-0.003944277763366699,-0.0013643555284943432,2.8089969158172607,0.0003,0.009604588150978088,0.2,-4.881562206149101,2230,4.827553735931193e-06
460800,225,604,762,0.08759765625,0.008186837,0.0007445216178894043,-0.0038995412731310354,2.8098373413085938,0.0003,0.012175772339105606,0.2,-4.879746279120445,2240,1.066074243314603e-10
462848,226,604,765,0.03583984375,0.006776517,0.00391465425491333,-0.0007797484198817983,2.79813289642334,0.0003,-0.009558208286762238,0.2,-4.872313266992569,2250,1.0087504062286361e-10
464896,227,604,769,0.0591796875,0.006225931,0.0005862116813659668,-0.002398142061429098,2.836282253265381,0.0003,-0.008563332259654999,0.2,-4.883852244913578,2260,1.6210850315215395e-10
466944,228,604,772,0.039208984375,0.0077782883,-0.0011851787567138672,-0.0009955721550795715,2.803341865539551,0.0003,0.014501001685857773,0.2,-4.88868001550436,2270,1.0875021539469083e-09
468992,229,604,776,0.078857421875,0.0065334165,-0.0024328231811523438,-0.002496538931154646,2.860440731048584,0.0003,-0.019085943698883057,0.2,-4.904428339004516,2280,5.917713730669055e-07
471040,230,604,779,0.064501953125,0.00562631,0.0006465315818786621,-0.0013295099917741027,2.8997621536254883,0.0003,-0.003700263798236847,0.2,-4.9392825067043304,2290,1.7701103441475473e-06
473088,231,604,783,0.015673828125,0.0029369895,8.83340835571289e-05,-9.115721913985909e-05,2.897073268890381,0.0003,-1.9684430299093947e-05,0.2,-4.954131063818932,2300,4.249870744859848e-09
475136,232,603,786,0.041650390625,0.0066642314,-0.0001882314682006836,-0.0012855962020694278,2.9190683364868164,0.0003,-0.006992011331021786,0.2,-4.963117688894272,2310,9.747930092956868e-09
477184,233,603,790,0.0654296875,0.0065367655,0.0041498541831970215,-0.0022621343490754954,2.9465928077697754,0.0003,-0.006882663816213608,0.2,-4.983023722469807,2320,2.2038639008190166e-06
479232,234,603,793,0.053125,0.005948038,0.003584921360015869,-0.0023540858906926586,2.968413829803467,0.0003,0.001092124730348587,0.2,-4.997779963910579,2330,1.3266516323167236e-09
481280,235,604,796,0.091015625,0.012256794,-0.0015265941619873047,-0.002852558082668111,3.006859540939331,0.0003,-0.016451198607683182,0.2,-5.023483748733997,2340,1.6256210138180116e-10
483328,236,603,800,0.0134765625,0.0038052583,-0.004030346870422363,8.051324984990061e-05,2.9794931411743164,0.0003,0.003350234590470791,0.2,-5.0241292983293535,2350,3.57523997695471e-06
485376,237,603,803,0.019970703125,0.002313427,-0.001123666763305664,-0.00046744113351451235,3.029641628265381,0.0003,-0.003965334966778755,0.2,-5.0339784860610965,2360,4.8603412435305204e-11
487424,238,603,807,0.080029296875,0.0065605342,-0.009331107139587402,-0.002356869103459758,3.0652806758880615,0.0003,-0.010133534669876099,0.2,-5.0639884114265445,2370,1.4877557180579446e-10
489472,239,603,810,0.063427734375,0.008362571,0.005010008811950684,-0.0026398706453619526,3.129873275756836,0.0003,-0.016424989327788353,0.2,-5.0970093056559564,2380,5.385295586410336e-11
491520,240,603,814,0.060595703125,0.006402754,0.009078681468963623,-0.0023460028416593557,3.1556344032287598,0.0003,-0.012186666950583458,0.2,-5.125358152389526,2390,4.091694668068091e-07
493568,241,603,817,0.010595703125,0.0066882097,0.0013598799705505371,-0.00016967483243206515,3.1242294311523438,0.0003,-0.023992136120796204,0.2,-5.121857751905918,2400,1.1519624990007803e-06
495616,242,603,820,0.06083984375,0.009213436,-0.006760954856872559,-0.003041089941689279,3.059528350830078,0.0003,-0.013212248682975769,0.2,-5.089542788267136,2410,5.5596397099421575e-09
497664,243,603,824,0.0125,0.0021732952,-0.0031003952026367188,0.00018211057176813482,3.054238796234131,0.0003,0.007407529279589653,0.2,-5.068453297019005,2420,4.868103045242027e-06
499712,244,603,827,0.021728515625,0.004133177,0.00043910741806030273,-0.0009309175737143959,3.050367832183838,0.0003,0.0026813140138983727,0.2,-5.064689055085182,2430,1.1917296122296153e-10
501760,245,603,831,0.01494140625,0.0028992766,0.000618278980255127,-0.0005900000352994539,3.0195155143737793,0.0003,0.0057684509083628654,0.2,-5.054242008924485,2440,1.183951767610003e-10
503808,246,603,834,0.06396484375,0.005446511,-0.001863241195678711,-0.002212371784844436,2.990205764770508,0.0003,-0.001534532755613327,0.2,-5.031796835362911,2450,1.0614300196654946e-10
505856,247,603,837,0.022021484375,0.0045523425,-0.004088163375854492,-0.001544841482245829,2.985753059387207,0.0003,-0.0018371473997831345,0.2,-5.021496348083019,2460,2.651187691624906e-10
507904,248,603,841,0.00419921875,0.0023703617,-0.007859468460083008,2.2570256987819448e-05,2.943026065826416,0.0003,-0.0016789197688922286,0.2,-5.004299958050251,2470,3.943665500337161e-08
509952,249,604,844,0.002587890625,0.00061009626,0.0023688673973083496,0.0003548100678017363,2.929309844970703,0.0003,0.003450983902439475,0.2,-4.987395399808884,2480,6.269426746547568e-07
512000,250,603,848,0.009912109375,0.001617375,0.0020908713340759277,-0.0005243188017630019,2.873749256134033,0.0003,-0.003948725759983063,0.2,-4.961813451349736,2490,1.2389690014341114e-06
514048,251,603,851,0.070361328125,0.008631002,-0.0010050535202026367,-0.002054603044234682,2.8496084213256836,0.0003,0.003653088351711631,0.2,-4.932913812994957,2500,1.0206576019392053e-07
516096,252,603,855,0.05263671875,0.0072759157,0.00022661685943603516,-0.0020803704392164946,2.804332971572876,0.0003,0.012499310076236725,0.2,-4.909643171727657,2510,4.998895401067573e-07
518144,253,603,858,0.003564453125,0.0014976545,-0.0007700920104980469,7.921764263301157e-05,2.742856740951538,0.0003,0.008122588507831097,0.2,-4.870577524602413,2520,1.8506406172270353e-06
520192,254,603,862,0.06630859375,0.0048510283,0.00036466121673583984,-0.0024117458568071017,2.716320514678955,0.0003,-0.0030019001569598913,0.2,-4.83879184871912,2530,3.2396577039342638e-09
522240,255,603,865,0.0935546875,0.008491855,-8.893013000488281e-05,-0.004170186471310444,2.681553363800049,0.0003,0.014520778320729733,0.2,-4.81728566288948,2540,5.354287322124592e-08
524288,256,603,869,0.040283203125,0.005028257,0.0004150271415710449,-0.0006661939623882063,2.6247997283935547,0.0003,0.016082054004073143,0.2,-4.785055881738662,2550,1.630292077796957e-06
526336,257,603,872,0.0435546875,0.0051409225,-1.5139579772949219e-05,-0.0021871117380214853,2.577655792236328,0.0003,0.004521694965660572,0.2,-4.745300900936127,2560,7.673522516929206e-10
528384,258,603,875,0.033642578125,0.005272807,-0.0014089345932006836,-0.001719818566198228,2.5509390830993652,0.0003,-0.005027666687965393,0.2,-4.715943747758866,2570,4.204219215826341e-06
530432,259,603,879,0.088134765625,0.010133903,0.0013499855995178223,-0.003689825135370484,2.5223259925842285,0.0003,0.014022206887602806,0.2,-4.693017920851707,2580,2.4888395125550036e-10
532480,260,603,882,0.023193359375,0.004466812,0.004715621471405029,-0.000982331826526206,2.505129337310791,0.0003,-0.013187646865844727,0.2,-4.675761137902737,2590,3.349491554815468e-10
534528,261,603,886,0.01103515625,0.0019853774,-0.00029206275939941406,-0.0003129233402432874,2.5094563961029053,0.0003,-0.0021482687443494797,0.2,-4.671796970069408,2600,2.9475389364666713e-09
536576,262,603,889,0.051513671875,0.008772251,-0.0006209611892700195,-0.0019210660349926912,2.471705198287964,0.0003,0.002246852032840252,0.2,-4.658815579116345,2610,1.7033602651977113e-06
538624,263,603,892,0.0408203125,0.004516466,0.0021091699600219727,-0.0026825856082723478,2.4791347980499268,0.0003,-0.02365092746913433,0.2,-4.649692679941654,2620,3.508019276026298e-06
540672,264,603,896,0.043701171875,0.00596514,-0.001177072525024414,-0.0010662516055162997,2.468238115310669,0.0003,0.018987268209457397,0.2,-4.648010836541653,2630,2.040618918939715e-09
542720,265,603,899,0.029296875,0.004598167,-0.0016235113143920898,-0.0016327115110470914,2.463500738143921,0.0003,-0.005611035041511059,0.2,-4.642773614823819,2640,4.733767189748849e-10
544768,266,603,903,0.036328125,0.005325773,0.0023844242095947266,-0.001465348586498294,2.4624266624450684,0.0003,-0.009146270342171192,0.2,-4.637657038867474,2650,1.2275419733755648e-08
546816,267,602,907,0.1228515625,0.011021725,-0.0011467933654785156,-0.004002717808180023,2.4242782592773438,0.0003,-0.023564450442790985,0.2,-4.621916328370571,2660,7.505602936744851e-08
548864,268,602,910,0.122265625,0.0062206164,0.0005458593368530273,-0.0026170376964728347,2.4523818492889404,0.0003,0.017909372225403786,0.2,-4.617922632396221,2670,5.019206678897549e-07
550912,269,602,913,0.093505859375,0.008031694,-0.0013202428817749023,-0.0019076028547715396,2.4345626831054688,0.0003,0.00913495384156704,0.2,-4.625240290164948,2680,2.1415171260435072e-06
552960,270,603,916,0.0392578125,0.0039416687,0.0008255839347839355,-0.0003608272250858136,2.4526023864746094,0.0003,-0.012857673689723015,0.2,-4.6218350440263745,2690,3.244746909463225e-09
555008,271,603,920,0.049560546875,0.008503131,-0.0015673637390136719,-0.002433601648954209,2.4795475006103516,0.0003,0.009278468787670135,0.2,-4.6428740754723545,2700,4.035485371845937e-10
557056,272,602,924,0.12529296875,0.008302871,0.001376330852508545,-0.0029355232873058412,2.5126519203186035,0.0003,-0.0157802514731884,0.2,-4.666679893434048,2710,5.541204129541047e-07
559104,273,602,927,0.039306640625,0.006417678,0.000573277473449707,-0.0013927228312240914,2.465926170349121,0.0003,-0.023405330255627632,0.2,-4.66121685653925,2720,9.067624630533576e-07
561152,274,602,930,0.003564453125,0.0029468462,0.00037097930908203125,0.00013941888755653054,2.42682147026062,0.0003,0.008148095570504665,0.2,-4.626212732493878,2730,6.776103076027156e-07
563200,275,602,934,0.070654296875,0.010570478,0.0011218786239624023,-0.0018909279679064639,2.376488208770752,0.0003,-0.013301519677042961,0.2,-4.586499470472336,2740,1.8273272934581382e-07
565248,276,602,937,0.048388671875,0.0048847105,-2.5033950805664062e-05,-0.001902051319484599,2.354167938232422,0.0003,-0.00788135826587677,0.2,-4.560805904865265,2750,1.2536155964306197e-06
567296,277,602,941,0.012939453125,0.0033038124,-5.447864532470703e-05,-0.0005561216763453558,2.3071722984313965,0.0003,-0.00312328664585948,0.2,-4.529073467850685,2760,1.74854742482411e-07
569344,278,602,944,0.008447265625,0.003577874,-0.0016640424728393555,-0.00010033726866822689,2.2885987758636475,0.0003,0.00397801399230957,0.2,-4.498374456167221,2770,2.5386148905808695e-06
571392,279,602,948,0.02470703125,0.0062854066,-0.0003472566604614258,-0.001235945687221829,2.2593753337860107,0.0003,0.008680678904056549,0.2,-4.47976091504097,2780,3.498736870160375e-08
573440,280,602,951,0.027197265625,0.0040578395,-0.00013959407806396484,-0.0011264818662311883,2.200449228286743,0.0003,-0.013490308076143265,0.2,-4.439675097167492,2790,3.843938397273255e-08
575488,281,602,955,0.037548828125,0.004290234,0.0004171133041381836,-0.00170342123019509,2.1938748359680176,0.0003,0.004291829187422991,0.2,-4.409805807471275,2800,2.0243650826882784e-06
577536,282,602,958,0.01416015625,0.0041838437,0.0001633167266845703,-0.0009104542798013427,2.166083574295044,0.0003,0.007332303561270237,0.2,-4.394482135772705,2810,1.8343393542544917e-07
579584,283,602,962,0.065673828125,0.009695864,0.00028526782989501953,-0.0027401268715038897,2.0954389572143555,0.0003,-0.0021917647682130337,0.2,-4.348510420322418,2820,9.133606018168355e-08
581632,284,602,965,0.026611328125,0.004922171,0.0002498030662536621,-0.0006841065791377332,2.058594226837158,0.0003,0.004591253586113453,0.2,-4.298998592793941,2830,3.4738504806650826e-07
583680,285,601,969,0.076171875,0.007574037,9.137392044067383e-05,-0.00295818077865988,2.009958028793335,0.0003,-0.007015916984528303,0.2,-4.256546971201897,2840,1.8972197419753635e-06
585728,286,601,973,0.025439453125,0.004771755,0.00037974119186401367,-0.001020315385540016,1.9862401485443115,0.0003,-0.004224950913339853,0.2,-4.221764388680458,2850,3.5983146623732533e-07
587776,287,601,977,0.03740234375,0.0044816863,0.0001971721649169922,-0.0033167409390443938,1.9484546184539795,0.0003,0.00147000583820045,0.2,-4.1921773359179495,2860,8.04284230190356e-08
589824,288,600,981,0.032958984375,0.004073796,-4.6133995056152344e-05,-0.0010236786751192995,1.908623218536377,0.0003,0.010379580780863762,0.2,-4.151985503733158,2870,4.806695235790947e-06
591872,289,600,985,0.05498046875,0.0067113433,-9.238719940185547e-05,-0.0030278507998446,1.8596813678741455,0.0003,-0.00504912156611681,0.2,-4.103235031664371,2880,2.341521224721072e-07
593920,290,600,988,0.05166015625,0.008209748,-0.00016617774963378906,-0.0020825757266720755,1.8204054832458496,0.0003,-0.015205219388008118,0.2,-4.056461551785469,2890,1.2990567413647591e-08
595968,291,600,992,0.0046875,0.0020566639,8.83936882019043e-05,-0.00023887568386271596,1.764601707458496,0.0003,-0.005523334722965956,0.2,-4.003118731826544,2900,3.525696883456504e-08
598016,292,600,996,0.036181640625,0.0077599706,0.000118255615234375,-0.0008255771172116511,1.7361667156219482,0.0003,0.0090145543217659,0.2,-3.9571891210973265,2910,5.639787223578786e-06
600064,293,600,999,0.029833984375,0.0028003282,-0.00031197071075439453,-0.0009948421662556938,1.702944278717041,0.0003,-0.011841190978884697,0.2,-3.9214967414736748,2920,5.696668105304988e-09
602112,294,600,1003,0.039892578125,0.0052097933,-6.794929504394531e-06,-0.00015892347873887048,1.6574375629425049,0.0003,-0.010173991322517395,0.2,-3.8717900343239307,2930,1.0366160094470582e-08
604160,295,599,1007,0.057421875,0.0040925005,0.0006191730499267578,-0.0015580222054268234,1.639229416847229,0.0003,0.012560687959194183,0.2,-3.8361071974039076,2940,7.638657875973353e-09
606208,296,599,1010,0.02998046875,0.00522053,0.0005179643630981445,-0.0009951838961569591,1.589327335357666,0.0003,-0.0013434862485155463,0.2,-3.793751133978367,2950,1.3097366965224428e-06
608256,297,599,1013,0.06240234375,0.003243528,0.001803755760192871,-0.0025884102418785916,1.5489037036895752,0.0003,-0.005756607744842768,0.2,-3.737323574721813,2960,8.092114370328671e-06
610304,298,600,1017,0.03984375,0.004910753,0.0021479129791259766,-0.0010337728133890777,1.5383787155151367,0.0003,0.013565653935074806,0.2,-3.704031924158335,2970,2.6579916594038714e-09
612352,299,600,1020,0.04482421875,0.005876224,0.000700831413269043,-0.0016689721633156296,1.4992330074310303,0.0003,0.0015103165060281754,0.2,-3.673074780404568,2980,1.2343964106693563e-09
614400,300,600,1023,0.036767578125,0.005375591,0.0011862516403198242,-0.0018506868567783386,1.4856550693511963,0.0003,0.012864206917583942,0.2,-3.639798755198717,2990,1.1938648289682096e-10
616448,301,600,1027,0.0322265625,0.0035051825,0.007193207740783691,-0.0006192130902491044,1.4629379510879517,0.0003,-0.0031206244602799416,0.2,-3.6114295020699503,3000,1.4563520428148847e-10
618496,302,600,1030,0.027734375,0.0064581432,0.001773238182067871,-0.0008042231405852362,1.414794683456421,0.0003,-0.013114375993609428,0.2,-3.565104475617409,3010,7.043096638595447e-11
620544,303,600,1034,0.00732421875,0.0011108872,-0.005173921585083008,0.00035683340684045106,1.4070755243301392,0.0003,-0.0002000954991672188,0.2,-3.525001735985279,3020,1.1458617576918222e-05
622592,304,599,1037,0.077880859375,0.00665468,0.0031925439834594727,-0.0003016625458258204,1.420738935470581,0.0003,-0.026764601469039917,0.2,-3.5316492684185503,3030,1.4969499407985198e-08
624640,305,600,1040,0.095263671875,0.004902901,-0.008844614028930664,-0.0003890854946803302,1.4264596700668335,0.0003,-0.0018125250935554504,0.2,-3.54471665546298,3040,2.432799091961723e-10
626688,306,600,1044,0.123193359375,0.010486105,0.0020247697830200195,-0.002036459866212681,1.4490432739257812,0.0003,-0.01889466866850853,0.2,-3.5646302066743374,3050,2.3705404153649866e-11
628736,307,600,1047,0.085986328125,0.009737095,0.011242806911468506,-0.0010959934334096033,1.4606661796569824,0.0003,0.013577315956354141,0.2,-3.590630605816841,3060,5.816982256443188e-09
630784,308,600,1050,0.085009765625,0.008718846,0.005412876605987549,-0.0029829285645973868,1.4813857078552246,0.0003,0.021975601091980934,0.2,-3.609932739287615,3070,4.8259173707651e-06
632832,309,600,1054,0.0458984375,0.009751983,-0.00012874603271484375,-0.0014089709380641579,1.4473090171813965,0.0003,0.0014650385128334165,0.2,-3.602116817981005,3080,7.788298413811058e-08
634880,310,600,1057,0.045263671875,0.0068543456,0.00011843442916870117,-0.0012743737199343741,1.414406180381775,0.0003,0.01901600882411003,0.2,-3.552183374762535,3090,4.715661961894829e-07
636928,311,600,1061,0.07412109375,0.010817828,-0.0003889799118041992,-0.0020244971419742797,1.3766447305679321,0.0003,-0.01277030911296606,0.2,-3.503951095789671,3100,9.288346176367706e-07
638976,312,600,1064,0.025439453125,0.0040932316,-0.00019228458404541016,-0.0010232521512079985,1.329758644104004,0.0003,-0.008730096742510796,0.2,-3.4424149855971335,3110,3.6389900628913047e-09
641024,313,600,1068,0.047705078125,0.0069713155,-6.437301635742188e-05,-0.000211554451379925,1.3176345825195312,0.0003,0.0021385587751865387,0.2,-3.397122945636511,3120,7.696063271768698e-06
643072,314,600,1071,0.0869140625,0.0067139645,-0.0002849102020263672,-0.0029184486469603144,1.3058192729949951,0.0003,0.007961705327033997,0.2,-3.376707575470209,3130,4.8156071636877354e-08
645120,315,600,1074,0.049609375,0.0071224933,-0.00020992755889892578,-0.0014932466103346087,1.261972188949585,0.0003,-0.005500258877873421,0.2,-3.3375915132462977,3140,2.1592143473182464e-07
647168,316,600,1078,0.0994140625,0.007359567,0.0009341239929199219,-0.004099452692753402,1.2147727012634277,0.0003,-0.004545215517282486,0.2,-3.26109599173069,3150,2.5141549968269616e-08
649216,317,600,1081,0.043212890625,0.006098842,-0.0011174678802490234,-0.0004522701798123308,1.18659245967865,0.0003,-0.005513600539416075,0.2,-3.201555372029543,3160,2.587050595174366e-07
651264,318,600,1085,0.04384765625,0.005809694,-0.0009512901306152344,-0.000699713543872349,1.1520915031433105,0.0003,-0.007517771329730749,0.2,-3.148831629008055,3170,4.259014193127117e-09
653312,319,599,1088,0.079931640625,0.01108286,-0.0010296106338500977,-0.0024489924529916608,1.1225531101226807,0.0003,0.010324962437152863,0.2,-3.0916442587971686,3180,1.4043424045930508e-05
655360,320,599,1092,0.058349609375,0.011068439,0.002273738384246826,-0.002060298516880721,1.0791746377944946,0.0003,-0.006864926777780056,0.2,-3.025770818442106,3190,7.841138381354867e-11
657408,321,599,1095,0.0126953125,0.002223657,-0.001735091209411621,0.00016880909097380937,1.0532586574554443,0.0003,-0.011141296476125717,0.2,-2.963723485916853,3200,1.1275833549831086e-10
659456,322,599,1099,0.017626953125,0.0031741224,-0.001223444938659668,0.00045688517566304653,1.0294482707977295,0.0003,-0.004798253998160362,0.2,-2.917773311585188,3210,4.0376392574915444e-10
661504,323,599,1102,0.05244140625,0.0059757824,-0.0018421411514282227,-0.000822174247878138,1.0190808773040771,0.0003,-0.0015332773327827454,0.2,-2.884971149265766,3220,2.0313356820575873e-09
663552,324,599,1106,0.109765625,0.008869162,0.001095592975616455,-0.0036367720211273992,0.9951800107955933,0.0003,-0.009540235623717308,0.2,-2.850866121053696,3230,4.624359468201905e-06
665600,325,599,1109,0.076220703125,0.0044049327,0.0072942376136779785,-0.0007051982305711135,1.0176409482955933,0.0003,-0.0015987139195203781,0.2,-2.8505604162812235,3240,4.6402596387740115e-09
667648,326,599,1113,0.173046875,0.01768016,-0.00015735626220703125,-0.002468027396753314,1.0432865619659424,0.0003,-0.017422350123524666,0.2,-2.900373287498951,3250,2.7158612986036638e-05
669696,327,599,1116,0.066552734375,0.004969423,5.960464477539063e-08,-0.0004886123424512334,1.0495481491088867,0.0003,0.005373631604015827,0.2,-2.9275568135082723,3260,1.8971404472704393e-10
671744,328,599,1120,0.026611328125,0.0037834537,0.002371847629547119,0.0006183468707604334,1.0459601879119873,0.0003,0.0027528703212738037,0.2,-2.931811238825321,3270,6.984988628656646e-11
673792,329,599,1123,0.061083984375,0.007659412,0.0009277462959289551,-0.0008156265044817701,1.0575517416000366,0.0003,-0.023928802460432053,0.2,-2.939852996170521,3280,1.590187611211768e-10
675840,330,599,1126,0.114208984375,0.008475937,0.00017917156219482422,-0.0023809134916518817,1.0784558057785034,0.0003,-0.00704459473490715,0.2,-2.9683821953833105,3290,1.9343234930595757e-11
677888,331,599,1129,0.06865234375,0.0077751325,5.960464477539063e-08,-0.0001195772949813545,1.1038427352905273,0.0003,-0.003133016638457775,0.2,-3.0111642844974993,3300,5.452546258686784e-11
679936,332,600,1133,0.050537109375,0.0021727448,0.002403855323791504,0.0007142364491301123,1.1213164329528809,0.0003,0.004204109311103821,0.2,-3.0502731263637544,3310,9.869808059021467e-12
681984,333,600,1136,0.05224609375,0.0052223634,-0.00047528743743896484,-0.0003325866604427574,1.1342637538909912,0.0003,-0.011138997040688992,0.2,-3.0774842016398907,3320,1.5440498147879105e-05
684032,334,599,1140,0.081396484375,0.008932571,-0.0017462968826293945,-0.001963555708061904,1.1594270467758179,0.0003,0.020371776074171066,0.2,-3.1090408265590668,3330,1.1626515143709743e-11
686080,335,599,1143,0.068359375,0.0036540644,0.025933802127838135,-0.0005192692682612687,1.1740148067474365,0.0003,0.0033447302412241697,0.2,-3.1479347094893457,3340,5.652826250738556e-12
688128,336,599,1147,0.127001953125,0.008158781,-0.003020167350769043,-0.0024432377598714084,1.1740803718566895,0.0003,-0.006994716823101044,0.2,-3.1601761400699617,3350,5.631283436062382e-12
690176,337,599,1150,0.0251953125,0.0023584168,-0.011839866638183594,0.00020735714642796665,1.2035918235778809,0.0003,-0.009196963161230087,0.2,-3.1847422026097774,3360,7.845229890143072e-12
692224,338,599,1154,0.10634765625,0.0055660317,0.03024965524673462,-0.0014950171280361246,1.2043161392211914,0.0003,0.004957038909196854,0.2,-3.2103152744472028,3370,2.3773629927934978e-07
694272,339,599,1157,0.019140625,0.0024158973,0.0032325387001037598,0.00013999827351653948,1.198153018951416,0.0003,-0.009395819157361984,0.2,-3.2034654416143895,3380,2.649860097295802e-06
696320,340,599,1161,0.04794921875,0.003968288,-6.330013275146484e-05,-0.0010866670221730602,1.1620008945465088,0.0003,-0.006942464970052242,0.2,-3.1669412635266783,3390,4.6277425269718966e-08
698368,341,599,1164,0.08076171875,0.006317287,0.00019788742065429688,-0.0013494432627339848,1.1380176544189453,0.0003,-0.007961837574839592,0.2,-3.115677770972252,3400,2.955349790602378e-05
700416,342,599,1168,0.067578125,0.009478942,0.0002071857452392578,-0.0016753768984926864,1.1147950887680054,0.0003,-0.025963205844163895,0.2,-3.072579549252987,3410,2.2546607442677602e-10
702464,343,599,1171,0.01865234375,0.0041734152,-0.001292586326599121,0.0011195824561582412,1.0972187519073486,0.0003,-0.007998574525117874,0.2,-3.039084046334028,3420,3.1569617199656673e-10
704512,344,599,1174,0.053369140625,0.0045125927,0.002416551113128662,-0.00037863147372263484,1.073617935180664,0.0003,0.02624916099011898,0.2,-3.001649257540703,3430,1.246122544522862e-10
706560,345,599,1178,0.01826171875,0.0051292614,-1.1920928955078125e-07,-0.00041954604675993324,1.0378363132476807,0.0003,-0.006990537047386169,0.2,-2.9457645788788795,3440,2.5517409288892966e-10
708608,346,599,1181,0.0970703125,0.005236376,-0.00010442733764648438,-0.0022637619142187758,1.0302139520645142,0.0003,-0.046247102320194244,0.2,-2.906554929167032,3450,1.0241806488080029e-08
710656,347,599,1185,0.020556640625,0.0020569072,-0.0006586313247680664,0.0009337021299870684,1.0117480754852295,0.0003,-0.009318147785961628,0.2,-2.8774655997753142,3460,1.6013909442295625e-06
712704,348,599,1188,0.04658203125,0.0082412455,0.0010254383087158203,5.064492870587855e-06,0.9945874810218811,0.0003,-0.012540670111775398,0.2,-2.8413993552327157,3470,5.012364457838883e-05
714752,349,599,1191,0.036669921875,0.006979608,0.0004956722259521484,0.0006019900116370991,0.9733772873878479,0.0003,0.006235744804143906,0.2,-2.805708361417055,3480,5.011706211774183e-10
716800,350,599,1195,0.055810546875,0.0068237847,-0.00034332275390625,-0.0013959602059912869,0.9596890211105347,0.0003,0.007787029258906841,0.2,-2.769586202502251,3490,8.69607917224842e-10
718848,351,599,1199,0.064599609375,0.0076322304,0.0005434751510620117,-0.001409062504535541,0.9344254732131958,0.0003,-0.01377423107624054,0.2,-2.726849326491356,3500,2.3118135337058624e-10
720896,352,599,1202,0.050830078125,0.0104266675,0.0,-2.6444694685778814e-05,0.9066194295883179,0.0003,0.02950461208820343,0.2,-2.670191103219986,3510,4.729859909112132e-10
722944,353,599,1205,0.05712890625,0.0019105856,-0.0010215044021606445,-0.0005797536359750666,0.9026747345924377,0.0003,-0.010285165160894394,0.2,-2.636677921563387,3520,1.331166504938489e-10
724992,354,599,1209,0.082177734375,0.0076908134,-4.887580871582031e-06,-0.0019903473137674156,0.8888567686080933,0.0003,0.019375646486878395,0.2,-2.616474389284849,3530,2.9252494104449077e-06
727040,355,599,1212,0.0453125,0.0027073226,-0.0004037618637084961,-0.0004283124377252534,0.8731567859649658,0.0003,0.0005634748958982527,0.2,-2.5851979941129684,3540,2.211311284078193e-05
729088,356,599,1215,0.06337890625,0.006896452,0.00350797176361084,0.0009890801564324647,0.8790249824523926,0.0003,-0.0021766144782304764,0.2,-2.5749866046011447,3550,2.5314369832702076e-10
731136,357,599,1219,0.08271484375,0.007725098,0.006420254707336426,-0.002515349882742157,0.9040117263793945,0.0003,0.00246286578476429,0.2,-2.6076602011919023,3560,1.3271857053139907e-10
733184,358,599,1222,0.05244140625,0.005608297,-0.002459406852722168,0.0010211896937107668,0.9281070232391357,0.0003,-0.006076697260141373,0.2,-2.6615445986390114,3570,6.732290694829388e-11
735232,359,599,1226,0.097998046875,0.015935946,0.009153187274932861,-0.001500388209024095,0.9365569353103638,0.0003,-0.011619478464126587,0.2,-2.6992425441741945,3580,2.5381622859045345e-11
737280,360,599,1229,0.06591796875,0.0060733957,-0.010050058364868164,0.0009935109497746452,0.9469020962715149,0.0003,-0.006602488458156586,0.2,-2.7185591802001,3590,1.5514370419278484e-11
739328,361,599,1233,0.069482421875,0.0036157959,0.00482708215713501,-2.1319207007763907e-05,0.9800704717636108,0.0003,-0.007909162901341915,0.2,-2.762501659989357,3600,6.185188177908298e-10
741376,362,599,1236,0.151904296875,0.011942254,8.869171142578125e-05,-0.00156269034196157,1.0172992944717407,0.0003,0.05741887167096138,0.2,-2.832596409320831,3610,2.5454074850066124e-05
743424,363,599,1240,0.037353515625,0.004656154,4.70280647277832e-05,0.00017418326751794666,0.9956142902374268,0.0003,0.007970713078975677,0.2,-2.850901197642088,3620,9.485534360413705e-09
745472,364,599,1243,0.060693359375,0.008556371,0.0011246800422668457,-0.0007446813600836321,0.9848567247390747,0.0003,0.021759837865829468,0.2,-2.812075885385275,3630,1.9903131757845328e-10
747520,365,599,1247,0.02626953125,0.0034448924,1.7881393432617188e-07,-6.349263858282939e-05,0.96657395362854,0.0003,-0.005305140279233456,0.2,-2.7861817121505736,3640,2.3475625883239006e-10
749568,366,599,1250,0.02744140625,0.004044186,-0.0002181529998779297,0.0005913869201322087,0.9367012977600098,0.0003,0.00956050306558609,0.2,-2.7329470977187156,3650,4.53934555809511e-09
751616,367,599,1254,0.084130859375,0.0060025947,-0.0014126300811767578,-0.002560673990228679,0.9183895587921143,0.0003,0.008960459381341934,0.2,-2.680506304651499,3660,1.323431634690939e-09
753664,368,599,1258,0.03076171875,0.0042840084,-1.1920928955078125e-07,-0.00010179782220802736,0.8900277614593506,0.0003,0.009903926402330399,0.2,-2.6326726719737055,3670,1.931214592567815e-07
755712,369,599,1261,0.05205078125,0.0021455644,9.47117805480957e-05,-0.001010053654317744,0.8728505373001099,0.0003,0.010691847652196884,0.2,-2.5815711818635463,3680,1.695530537616915e-06
757760,370,599,1264,0.068994140625,0.010876037,-0.0004074573516845703,-6.308389274636283e-05,0.8520857095718384,0.0003,-0.007500026375055313,0.2,-2.5405006498098373,3690,1.3012040434090533e-05
759808,371,599,1268,0.114404296875,0.010452136,-8.082389831542969e-05,-0.003449566540075466,0.8108929991722107,0.0003,0.015347333624958992,0.2,-2.464360350370407,3700,3.152278435775758e-05
761856,372,598,1271,0.089111328125,0.008653028,6.437301635742188e-05,-0.0003635212851804681,0.8019237518310547,0.0003,-0.0021867367904633284,0.2,-2.405333422124386,3710,1.5004151501965474e-08
763904,373,598,1275,0.093505859375,0.0066793473,-0.00010097026824951172,-0.002114304932183586,0.7849612236022949,0.0003,0.0017900393577292562,0.2,-2.374302902817726,3720,6.859726332547458e-08
765952,374,598,1278,0.065869140625,0.007870018,-1.1920928955078125e-07,-0.0009334112830401864,0.7729829549789429,0.0003,0.006941847503185272,0.2,-2.3335716880857946,3730,1.578280386849149e-08
768000,375,598,1282,0.09912109375,0.007606729,0.00016689300537109375,-0.0034163181495387106,0.7529464960098267,0.0003,0.001597011461853981,0.2,-2.2882624119520187,3740,4.02593578523975e-08
770048,376,598,1285,0.078564453125,0.0057241376,3.24249267578125e-05,-0.001618919987231493,0.7303522229194641,0.0003,-0.008594796061515808,0.2,-2.2299706913530826,3750,4.246644911774983e-09
772096,377,598,1289,0.02451171875,0.006294979,0.0005066394805908203,0.0014060214438359254,0.7174481153488159,0.0003,-0.0022643180564045906,0.2,-2.1838626854121683,3760,2.199903495585888e-07
774144,378,599,1292,0.094140625,0.0066341744,0.00031363964080810547,-0.0015066778578329831,0.7001374959945679,0.0003,0.008733289316296577,0.2,-2.140397026389837,3770,4.904370343568223e-07
776192,379,599,1295,0.0591796875,0.0059014736,0.0,-7.273969567904715e-05,0.6907783150672913,0.0003,0.008957424201071262,0.2,-2.104175606369972,3780,1.0524293217248343e-07
778240,380,599,1299,0.129248046875,0.016159788,0.004859626293182373,-0.004178347694687545,0.6660056114196777,0.0003,-0.011205587536096573,0.2,-2.0501252740621565,3790,5.0876749374877613e-05
780288,381,599,1302,0.052001953125,0.0034328005,0.003062903881072998,0.0007079088099999353,0.6600192189216614,0.0003,0.008985918015241623,0.2,-2.006890972703695,3800,4.2379864336172127e-10
782336,382,599,1305,0.03720703125,0.008847525,1.1920928955078125e-07,0.0004041499262712023,0.6349984407424927,0.0003,0.0012206248939037323,0.2,-1.9613577347248792,3810,9.69522698667478e-11
784384,383,599,1309,0.109521484375,0.005808492,0.0020489096641540527,-0.0033668925796519035,0.6175645589828491,0.0003,0.004236835055053234,0.2,-1.8937946386635303,3820,3.643766259368107e-11
786432,384,599,1312,0.089794921875,0.003897029,-1.1920928955078125e-07,-0.00018461883919371758,0.6017208099365234,0.0003,-0.000513388542458415,0.2,-1.8398780278861522,3830,2.1115678308018884e-09
788480,385,599,1316,0.06279296875,0.009978369,0.0,0.0002399221292762377,0.586338222026825,0.0003,0.014072290621697903,0.2,-1.7865952428430318,3840,5.574923320397435e-05
790528,386,599,1319,0.0896484375,0.0026035924,5.829334259033203e-05,0.0005241255959845148,0.5836167931556702,0.0003,0.003126060590147972,0.2,-1.7594721335917711,3850,2.48406651620413e-09
792576,387,598,1323,0.10771484375,0.011646522,1.1920928955078125e-07,-0.0023481536882627553,0.5611447095870972,0.0003,0.0026412515435367823,0.2,-1.7106882955878973,3860,7.076814220608373e-10
794624,388,598,1326,0.04052734375,0.0022952138,-0.0001628398895263672,0.001149807736510411,0.5496021509170532,0.0003,0.002382204169407487,0.2,-1.6500798504799605,3870,4.5903650651120753e-10
796672,389,598,1330,0.0552734375,0.0064800256,0.0,0.00017869159128167667,0.5336885452270508,0.0003,0.01780162751674652,0.2,-1.5971157755702734,3880,3.2426913202833693e-10
798720,390,598,1333,0.07734375,0.005995499,0.00043487548828125,0.0004528972305706702,0.5177292823791504,0.0003,0.008143864572048187,0.2,-1.5383824780583382,3890,2.436566309920089e-10
800768,391,598,1337,0.060107421875,0.005943222,-0.0003426074981689453,-0.0001255446986760944,0.5070458054542542,0.0003,-0.00525037944316864,0.2,-1.4863893564790487,3900,2.0305960249824808e-08
802816,392,598,1340,0.08408203125,0.006466914,0.0,-0.0018877686554333196,0.4880092740058899,0.0003,0.013042144477367401,0.2,-1.42429395057261,3910,1.5551441892181572e-06
804864,393,598,1344,0.114599609375,0.009916592,1.1920928955078125e-07,-0.0006184148965985514,0.4812655448913574,0.0003,-0.0005902944831177592,0.2,-1.3721211545169354,3920,7.688786337825616e-05
806912,394,598,1347,0.134765625,0.009516532,-7.62939453125e-06,-0.0030197808693628756,0.47117239236831665,0.0003,-0.006275542546063662,0.2,-1.3367236766964197,3930,1.8542723778415605e-06
808960,395,598,1350,0.0580078125,0.0015823834,2.09808349609375e-05,0.00192156512348447,0.4663383960723877,0.0003,0.01594614051282406,0.2,-1.3067923087626696,3940,2.1567161716455115e-08
811008,396,598,1354,0.078955078125,0.003405998,0.00034612417221069336,0.0011295029718894512,0.45230117440223694,0.0003,0.005981323774904013,0.2,-1.2644064031541347,3950,7.522755346482885e-09
813056,397,598,1357,0.093896484375,0.008928984,2.1398067474365234e-05,0.00029883289680583404,0.4465150237083435,0.0003,-0.0028679436072707176,0.2,-1.220317118242383,3960,3.357473320678912e-08
815104,398,598,1361,0.11376953125,0.008537352,0.0002646446228027344,0.0004129358712816611,0.4334215819835663,0.0003,-0.0029402782674878836,0.2,-1.1776020340621471,3970,5.7668029242284944e-08
817152,399,598,1364,0.063134765625,0.0069946987,-0.00011754035949707031,-0.00010029619588749483,0.4194949269294739,0.0003,0.008833728730678558,0.2,-1.1142315808683634,3980,7.601808547022785e-09
819200,400,598,1368,0.07041015625,0.0065814992,0.0007208585739135742,0.0016086517949588596,0.4123666286468506,0.0003,-0.015067284926772118,0.2,-1.0640054117888211,3990,7.685836225138625e-08
821248,401,598,1372,0.08330078125,0.0049517024,-7.653236389160156e-05,0.0016521607234608383,0.40124011039733887,0.0003,0.0016963034868240356,0.2,-1.0226953949779272,4000,1.519815412197861e-05
823296,402,598,1375,0.146337890625,0.0036059779,3.731250762939453e-05,-0.0021471851956448517,0.4139792323112488,0.0003,0.015057926997542381,0.2,-1.025672347843647,4010,4.039601058371395e-05
825344,403,598,1379,0.126806640625,0.01120457,3.0875205993652344e-05,3.0988319485913963e-05,0.4317251443862915,0.0003,-0.006762722972780466,0.2,-1.1012634873390197,4020,4.9510984689087e-07
827392,404,598,1382,0.08408203125,0.007873585,0.0,0.0004967666216543875,0.44140517711639404,0.0003,-0.009429420344531536,0.2,-1.1680506009608507,4030,1.3021810636479162e-07
829440,405,598,1386,0.122607421875,0.013074427,1.5735626220703125e-05,-0.0011082378994615282,0.45289385318756104,0.0003,0.011574001051485538,0.2,-1.211634371802211,4040,3.9429968257996895e-07
831488,406,598,1389,0.1060546875,0.008107659,1.430511474609375e-06,0.002564461075235158,0.45588168501853943,0.0003,-0.02166263945400715,0.2,-1.246289836987853,4050,6.777662130127115e-07
833536,407,598,1392,0.233837890625,0.017552804,5.6862831115722656e-05,-0.0034591453222674318,0.4681948125362396,0.0003,0.008029235526919365,0.2,-1.2813485726714133,4060,4.1411748094540186e-05
835584,408,598,1396,0.098681640625,0.0035145632,1.1920928955078125e-07,0.004227485400042497,0.48007118701934814,0.0003,0.002554354490712285,0.2,-1.3327515926212072,4070,4.908858560064705e-07
837632,409,598,1399,0.132568359375,0.0043716445,-1.1920928955078125e-07,0.0003149892601868487,0.4959040880203247,0.0003,0.009377469308674335,0.2,-1.3921702295541762,4080,1.5669525689833193e-07
839680,410,598,1403,0.129052734375,0.008917473,-3.5762786865234375e-06,-5.836122727487236e-06,0.5030684471130371,0.0003,-0.011976535432040691,0.2,-1.4386341582983733,4090,3.720381707492788e-08
841728,411,598,1406,0.10595703125,0.007316928,4.929304122924805e-05,0.0010695411445340141,0.519904613494873,0.0003,-0.0007196530932560563,0.2,-1.4888131454586984,4100,5.655039195020045e-08
843776,412,598,1410,0.169580078125,0.0026126392,-9.715557098388672e-05,0.00010461227793712169,0.5319716334342957,0.0003,0.0003063211916014552,0.2,-1.5427789673209191,4110,1.468538156162904e-05
845824,413,598,1413,0.110009765625,0.009939468,5.5670738220214844e-05,-0.0006171226850710809,0.5174135565757751,0.0003,-0.007395158056169748,0.2,-1.5378338310867548,4120,6.072985207529763e-05
847872,414,598,1417,0.0546875,0.00471727,9.5367431640625e-05,0.0007647976839507464,0.5018556714057922,0.0003,-0.0015144216595217586,0.2,-1.4764443591237069,4130,1.7036126182728212e-08
849920,415,598,1420,0.030615234375,0.0026742783,1.2516975402832031e-06,0.0016176459132111632,0.48655351996421814,0.0003,-0.008446283638477325,0.2,-1.4184086013585329,4140,1.5706553465362342e-08
851968,416,598,1423,0.0841796875,0.009693174,-0.00031375885009765625,6.028739589964971e-05,0.4798838496208191,0.0003,-0.006772624794393778,0.2,-1.3714471869170666,4150,1.7682027624036424e-08
854016,417,598,1427,0.03134765625,0.0066257194,0.000194549560546875,0.0008029048360185698,0.4654761552810669,0.0003,0.0002246844960609451,0.2,-1.3281707756221295,4160,3.797016684883022e-09
856064,418,598,1430,0.07568359375,0.0059406376,-3.1948089599609375e-05,0.00010808816732605919,0.4521794319152832,0.0003,0.022531641647219658,0.2,-1.2677099488675594,4170,3.33596669648678e-06
858112,419,598,1434,0.067529296875,0.005909301,-2.7298927307128906e-05,0.0012151505463407375,0.44460558891296387,0.0003,-0.002709255088120699,0.2,-1.2239476773887872,4180,2.0609007382470547e-09
860160,420,598,1438,0.076416015625,0.0070664715,0.0010421276092529297,0.0005345959129044786,0.43375182151794434,0.0003,-0.007573186885565519,0.2,-1.1819275245070457,4190,4.4338997456543784e-08
862208,421,598,1441,0.06328125,0.008251045,-0.00020766258239746094,0.0008161284633388278,0.424940824508667,0.0003,0.017763739451766014,0.2,-1.1346540797501803,4200,1.604612716412074e-05
864256,422,598,1444,0.100732421875,0.010553865,5.1915645599365234e-05,0.0011501902408781461,0.4334081709384918,0.0003,-0.0027135785203427076,0.2,-1.1361722994595767,4210,5.04276122313573e-05
866304,423,598,1448,0.135400390625,0.013476664,1.0788440704345703e-05,0.003296873140061507,0.44076043367385864,0.0003,0.01703319326043129,0.2,-1.1741122346371413,4220,2.2873826014048118e-05
868352,424,598,1451,0.111474609375,0.0069204406,-1.0609626770019531e-05,0.0014721572748385369,0.44485676288604736,0.0003,-0.0019389103399589658,0.2,-1.1978280309587717,4230,5.025910878995721e-07
870400,425,598,1455,0.08876953125,0.00757144,2.8789043426513672e-05,0.0021494795772014188,0.4556426405906677,0.0003,0.00841472577303648,0.2,-1.229499365761876,4240,2.0831299518620426e-07
872448,426,598,1458,0.06259765625,0.011293853,-1.1324882507324219e-05,0.0029891995756770482,0.4668985605239868,0.0003,0.0063062189146876335,0.2,-1.2757268592715263,4250,8.2917955459204e-06
874496,427,598,1462,0.126953125,0.017031418,-5.936622619628906e-05,0.00022376398846972733,0.48024052381515503,0.0003,-0.007600506767630577,0.2,-1.3294623523950577,4260,2.2239291348169836e-06
876544,428,598,1465,0.18134765625,0.011854297,-2.384185791015625e-07,-0.0009729360564961099,0.4899749755859375,0.0003,0.02340809442102909,0.2,-1.3789607752114534,4270,1.055755453302092e-05
878592,429,598,1469,0.08291015625,0.0028578187,7.110834121704102e-05,0.00021187143574934452,0.5001317262649536,0.0003,0.006045279558748007,0.2,-1.4181710679084063,4280,2.3174877483825115e-06
880640,430,598,1472,0.131640625,0.009350147,-0.00027763843536376953,-0.0017006809794111177,0.5029431581497192,0.0003,-0.003471942851319909,0.2,-1.446220264583826,4290,3.262520710282067e-06
882688,431,597,1476,0.143212890625,0.013946956,-5.412101745605469e-05,-0.002188666122674476,0.5185805559158325,0.0003,-0.005786614492535591,0.2,-1.484493213519454,4300,7.041818460350091e-08
884736,432,597,1479,0.068212890625,0.00690474,3.3855438232421875e-05,0.0005543675084481947,0.5364910364151001,0.0003,0.02483290806412697,0.2,-1.5475877337157726,4310,6.4348246572927425e-09
886784,433,598,1482,0.139111328125,0.009481043,-1.8835067749023438e-05,-0.0015639156055840431,0.5471748113632202,0.0003,-0.0026273904368281364,0.2,-1.6047410666942596,4320,7.364987247954793e-07
888832,434,598,1486,0.113720703125,0.016987702,0.00025707483291625977,0.0030844680368318222,0.5603818893432617,0.0003,0.010418803431093693,0.2,-1.6506249416619538,4330,6.73677517173431e-05
890880,435,598,1489,0.114306640625,0.013139099,0.001184999942779541,-0.0006430677749449387,0.5664498805999756,0.0003,-0.024744078516960144,0.2,-1.681424679234624,4340,1.273357465787917e-08
892928,436,598,1492,0.19169921875,0.016605893,1.1920928955078125e-07,-0.0005302710057094373,0.5831812620162964,0.0003,0.0023648012429475784,0.2,-1.7245097693055869,4350,1.757132535842806e-10
894976,437,598,1496,0.06533203125,0.005129338,5.960464477539063e-08,0.0014528403085478203,0.5934679508209229,0.0003,0.0008848458528518677,0.2,-1.770839274674654,4360,4.1782854883927395e-10
897024,438,598,1499,0.1146484375,0.012499437,1.2874603271484375e-05,0.0013588137120677858,0.6101903915405273,0.0003,0.02937784418463707,0.2,-1.8148410890251399,4370,3.114683608396906e-10
899072,439,597,1503,0.078271484375,0.0046947263,1.722574234008789e-05,0.0007932251497550169,0.6313891410827637,0.0003,0.0002672226692084223,0.2,-1.8749868802726268,4380,1.427066876570923e-08
901120,440,598,1506,0.124169921875,0.016860958,0.0,-0.0017462643616426021,0.6518546342849731,0.0003,0.06897465139627457,0.2,-1.9393637988716363,4390,1.7571120768323834e-08
903168,441,598,1510,0.076611328125,0.006993122,-0.00048828125,0.0007126459895516746,0.6617412567138672,0.0003,-0.0017726512160152197,0.2,-1.9863670863211156,4400,1.2298028038047953e-08
905216,442,598,1513,0.101953125,0.008931385,1.4901161193847656e-06,0.0007247486268170178,0.6729048490524292,0.0003,-0.01690879836678505,0.2,-2.0179393623024224,4410,5.528152014524059e-06
907264,443,597,1517,0.089794921875,0.0072066495,0.0004474520683288574,-0.0012917443818878382,0.6985286474227905,0.0003,-0.006367049179971218,0.2,-2.0711467251181603,4420,2.0371580501792946e-08
909312,444,597,1520,0.191650390625,0.011098695,0.0025983452796936035,-0.0028492965764598923,0.7100550532341003,0.0003,-0.01185412984341383,0.2,-2.1229342125356196,4430,3.0316639417350377e-07
911360,445,597,1524,0.098046875,0.005193471,-0.002432703971862793,-0.0011461405098089016,0.7269959449768066,0.0003,-0.0011040493845939636,0.2,-2.1621827840805055,4440,7.168664046542879e-06
913408,446,597,1528,0.093701171875,0.0026554603,0.0,0.00035280345764476806,0.744774580001831,0.0003,0.007718644570559263,0.2,-2.209270291775465,4450,5.727097748564179e-06
915456,447,597,1531,0.103955078125,0.008284536,0.0001323223114013672,0.000558966284734197,0.7602928280830383,0.0003,0.012949966825544834,0.2,-2.255697587877512,4460,5.549630475928462e-06
917504,448,597,1535,0.055517578125,0.004066323,0.00016105175018310547,0.0006927511662070174,0.7860291600227356,0.0003,-0.005538735538721085,0.2,-2.3098722591996195,4470,2.2079274512101687e-08
919552,449,597,1538,0.075830078125,0.0072046854,0.0,-2.0570500782923774e-05,0.8037943840026855,0.0003,0.011289533227682114,0.2,-2.37128629013896,4480,3.070571896174927e-05
921600,450,597,1541,0.139111328125,0.013736913,-1.1920928955078125e-07,-0.0030929830920285893,0.8180274367332458,0.0003,0.033138372004032135,0.2,-2.4083425760269166,4490,6.91599081342966e-09
923648,451,597,1545,0.127685546875,0.0072597153,1.1920928955078125e-07,-0.0015213440638035536,0.8424335718154907,0.0003,0.004918649792671204,0.2,-2.4554696030914784,4500,6.418498107534062e-09
925696,452,597,1549,0.168896484375,0.02045723,0.00027370452880859375,-0.0029369107869570144,0.8649275302886963,0.0003,-0.011548180133104324,0.2,-2.5143669955432415,4510,2.285075667939402e-09
927744,453,597,1552,0.149169921875,0.00965842,6.842613220214844e-05,-0.003869508173374925,0.8794998526573181,0.0003,-0.01116914302110672,0.2,-2.5538120046257973,4520,1.2338630788812585e-09
929792,454,597,1556,0.091943359375,0.009001851,-1.1920928955078125e-07,-0.0018458200331224362,0.8971266150474548,0.0003,-0.00473697017878294,0.2,-2.5891010582447054,4530,2.841236044788557e-09
931840,455,597,1559,0.06025390625,0.003602464,0.00019693374633789062,0.0005370913873775862,0.8994501233100891,0.0003,0.007748321630060673,0.2,-2.612237323820591,4540,1.618284000452459e-05
933888,456,597,1563,0.1447265625,0.013391826,0.0002995133399963379,-0.00246595375429024,0.923314094543457,0.0003,-0.00855997670441866,0.2,-2.637397562712431,4550,3.4719324301936485e-06
935936,457,597,1566,0.161865234375,0.012992431,-1.1920928955078125e-07,-0.0020405468203534838,0.9272816181182861,0.0003,-0.020635582506656647,0.2,-2.6719005569815635,4560,4.492289441186768e-09
937984,458,597,1570,0.098486328125,0.0057265274,1.1920928955078125e-07,-0.0009756409734109183,0.9483686685562134,0.0003,0.009765462018549442,0.2,-2.6960798241198063,4570,4.588967178783301e-07
940032,459,597,1573,0.130322265625,0.0077527724,-0.0007293224334716797,-0.002806166037044022,0.9790737628936768,0.0003,-0.01757625862956047,0.2,-2.748134955763817,4580,1.7981453488503587e-08
942080,460,597,1576,0.11650390625,0.00532249,1.1920928955078125e-07,-0.001018650083369721,1.0041909217834473,0.0003,-0.0064901988953351974,0.2,-2.808201342076063,4590,2.02828113550455e-05
944128,461,597,1580,0.071240234375,0.0034709363,0.00013136863708496094,0.0009975120810850058,1.0265332460403442,0.0003,0.021296057850122452,0.2,-2.855521161109209,4600,1.7120139759105805e-09
946176,462,597,1583,0.07958984375,0.006069055,-1.1920928955078125e-07,1.0115979830516152e-05,1.0547330379486084,0.0003,-0.00834742747247219,0.2,-2.9010249823331833,4610,4.798503016014949e-09
948224,463,597,1587,0.083056640625,0.006368341,5.960464477539063e-08,0.00025659201019152534,1.056352138519287,0.0003,-0.017794940620660782,0.2,-2.931610656529665,4620,1.5932686725614494e-09
950272,464,597,1590,0.091650390625,0.006639265,0.0023934245109558105,-0.00035980576649308205,1.076106309890747,0.0003,0.009683508425951004,0.2,-2.95491796284914,4630,4.284484084703092e-10
952320,465,597,1593,0.128515625,0.00489428,0.0,-0.0008084142093139235,1.111891269683838,0.0003,0.027767565101385117,0.2,-3.0019877798855306,4640,9.163658533150335e-11
954368,466,597,1597,0.13076171875,0.013827095,0.0,-0.0010857760919407156,1.1257961988449097,0.0003,0.002225209027528763,0.2,-3.050461717694998,4650,1.3924131318771068e-10
956416,467,597,1600,0.077880859375,0.0046051033,-0.0014255046844482422,0.001820945976942312,1.1428937911987305,0.0003,0.011271997354924679,0.2,-3.078460530936718,4660,2.0625530246760766e-07
958464,468,597,1604,0.0955078125,0.00415752,0.0034796595573425293,-3.3199488825630396e-06,1.1695938110351562,0.0003,0.01561064925044775,0.2,-3.1215642616152763,4670,1.207365036154323e-06
960512,469,597,1607,0.02880859375,0.003166738,-0.05613350868225098,-0.0005727599422243656,1.154935359954834,0.0003,0.014337386935949326,0.2,-3.1329443618655204,4680,3.435983355705292e-08
962560,470,597,1611,0.01826171875,0.0034500977,0.0003497600555419922,0.00029304186555236813,1.1418256759643555,0.0003,0.0061028399504721165,0.2,-3.1099664844572543,4690,1.0424501081907989e-06
964608,471,597,1614,0.0525390625,0.010811294,-0.00014030933380126953,-0.0010395918172434904,1.1839134693145752,0.0003,0.0011135131353512406,0.2,-3.136904750019312,4700,1.2321018350755532e-05
966656,472,597,1618,0.0810546875,0.008881706,-7.18832015991211e-05,6.408462431863881e-05,1.2039211988449097,0.0003,0.024570822715759277,0.2,-3.1915307216346265,4710,2.6779587055623662e-09
968704,473,597,1621,0.11640625,0.011691395,-1.1920928955078125e-07,-0.002008326561372087,1.2364423274993896,0.0003,-0.01734640635550022,0.2,-3.235919599235058,4720,8.635148609387764e-09
970752,474,597,1625,0.074755859375,0.0048314757,2.384185791015625e-05,-0.0005534196185180918,1.274249792098999,0.0003,-0.013821755535900593,0.2,-3.289857214689255,4730,3.524771051523074e-08
972800,475,597,1629,0.129052734375,0.0073279594,0.0004706382751464844,-0.0025304568858700804,1.2925083637237549,0.0003,0.015118000097572803,0.2,-3.3372439585626124,4740,8.017313520158643e-06
974848,476,597,1632,0.16826171875,0.012329679,-1.1920928955078125e-07,-0.00039316071779467167,1.3035725355148315,0.0003,-0.007115263491868973,0.2,-3.359710630774498,4750,2.807662870819675e-09
976896,477,597,1636,0.14931640625,0.017967049,-0.0003364086151123047,-0.0020080924325156955,1.318792700767517,0.0003,0.009468935430049896,0.2,-3.3805125683546065,4760,6.32225931502829e-10
978944,478,597,1639,0.075341796875,0.006902926,-0.0005458593368530273,-0.0015233878177241423,1.328937292098999,0.0003,0.014315307140350342,0.2,-3.400994748622179,4770,2.655185232517778e-09
980992,479,597,1642,0.075537109375,0.008655233,-9.85860824584961e-05,-0.0007305444290977902,1.3339438438415527,0.0003,0.003178591141477227,0.2,-3.4121255740523337,4780,2.867300026562907e-08
983040,480,597,1646,0.0173828125,0.0017056998,0.0,0.0010291381995557458,1.3506340980529785,0.0003,0.0003230052243452519,0.2,-3.4278582148253918,4790,3.7964629484499927e-07
985088,481,597,1649,0.002880859375,0.0024249698,-3.0994415283203125e-06,0.0006088703172281385,1.3395228385925293,0.0003,0.009051008149981499,0.2,-3.4344130255281926,4800,6.967397181130056e-06
987136,482,596,1653,0.106640625,0.006920879,0.00019341707229614258,-0.0016159630482434294,1.3572477102279663,0.0003,0.03249526023864746,0.2,-3.43508386015892,4810,1.86498484541531e-05
989184,483,596,1657,0.109228515625,0.0054590907,-1.0371208190917969e-05,3.872430461342447e-05,1.383775234222412,0.0003,0.0036896131932735443,0.2,-3.46833366304636,4820,1.4782227323230588e-09
991232,484,597,1660,0.0978515625,0.007845705,-5.269050598144531e-05,-0.0004401002908707596,1.3918520212173462,0.0003,-0.001264147344045341,0.2,-3.495201651006937,4830,1.8162486988295773e-09
993280,485,597,1663,0.11279296875,0.010797628,0.00048679113388061523,-0.0029292965642525814,1.41434907913208,0.0003,-0.014512138441205025,0.2,-3.515608975291252,4840,2.2261842952804916e-09
995328,486,597,1667,0.015478515625,0.0015014415,0.0005202889442443848,0.000990891679248307,1.4473551511764526,0.0003,-0.0037329867482185364,0.2,-3.5536878615617753,4850,7.227988136361293e-10
997376,487,597,1670,0.105859375,0.006281325,0.0002065896987915039,-0.0023318942403420806,1.469229817390442,0.0003,-0.019506804645061493,0.2,-3.5951990760862826,4860,1.5986954674902976e-09
999424,488,597,1673,0.05361328125,0.007209178,0.00025582313537597656,0.0006739039003150537,1.497422218322754,0.0003,-0.013358207419514656,0.2,-3.629234515875578,4870,6.323208242682457e-07
1001472,489,597,1677,0.11240234375,0.013261756,2.664327621459961e-05,-0.0013901626280130586,1.5036981105804443,0.0003,-0.03205454722046852,0.2,-3.652043393999338,4880,2.249866216489001e-09
